code_module,code_presentation,id_student,gender,region,highest_education,imd_band,age_band,num_of_prev_attempts,studied_credits,disability,final_result,date_registration,date_unregistration,1752_date,1752_score,1753_date,1753_score,1754_date,1754_score,1755_date,1755_score,1756_date,1756_score,clicks_dataplus,clicks_forumng,clicks_glossary,clicks_homepage,clicks_oucollaborate,clicks_oucontent,clicks_resource,clicks_subpage,clicks_url
AAA,2013J,11391,M,East Anglian Region,HE Qualification,90-100%,55<=,0,240,N,Pass,-159.0,NA,18.0,78.0,53.0,85.0,115.0,80.0,164.0,85.0,212.0,82.0,0.0,193.0,0.0,138.0,0.0,553.0,13.0,32.0,5.0
AAA,2013J,28400,F,Scotland,HE Qualification,20-30%,35-55,0,60,N,Pass,-53.0,NA,22.0,70.0,52.0,68.0,121.0,70.0,164.0,64.0,212.0,60.0,10.0,417.0,0.0,324.0,0.0,537.0,12.0,87.0,48.0
AAA,2013J,30268,F,North Western Region,A Level or Equivalent,30-40%,35-55,0,60,Y,Withdrawn,-92.0,12.0,NA,NA,NA,NA,NA,NA,NA,NA,NA,NA,0.0,126.0,0.0,59.0,0.0,66.0,4.0,22.0,4.0
AAA,2013J,31604,F,South East Region,A Level or Equivalent,50-60%,35-55,0,60,N,Pass,-52.0,NA,17.0,72.0,51.0,71.0,115.0,74.0,165.0,88.0,213.0,75.0,2.0,634.0,1.0,432.0,0.0,836.0,19.0,144.0,90.0
AAA,2013J,32885,F,West Midlands Region,Lower Than A Level,50-60%,0-35,0,60,N,Pass,-176.0,NA,26.0,69.0,75.0,30.0,124.0,63.0,181.0,35.0,222.0,75.0,0.0,194.0,4.0,204.0,0.0,494.0,45.0,79.0,14.0
AAA,2013J,38053,M,Wales,A Level or Equivalent,80-90%,35-55,0,60,N,Pass,-110.0,NA,19.0,79.0,64.0,69.0,117.0,74.0,166.0,50.0,215.0,68.0,7.0,875.0,4.0,512.0,0.0,900.0,11.0,91.0,45.0
AAA,2013J,45462,M,Scotland,HE Qualification,30-40%,0-35,0,60,N,Pass,-67.0,NA,20.0,70.0,54.0,65.0,117.0,62.0,166.0,75.0,216.0,68.0,2.0,123.0,0.0,320.0,2.0,915.0,8.0,98.0,24.0
AAA,2013J,45642,F,North Western Region,A Level or Equivalent,90-100%,0-35,0,120,N,Pass,-29.0,NA,18.0,72.0,57.0,72.0,116.0,72.0,166.0,73.0,227.0,73.0,4.0,428.0,0.0,295.0,1.0,508.0,16.0,120.0,56.0
AAA,2013J,52130,F,East Anglian Region,A Level or Equivalent,70-80%,0-35,0,90,N,Pass,-33.0,NA,19.0,72.0,54.0,68.0,117.0,75.0,173.0,72.0,215.0,70.0,8.0,333.0,0.0,476.0,2.0,714.0,19.0,214.0,128.0
AAA,2013J,53025,M,North Region,Post Graduate Qualification,NA,55<=,0,60,N,Pass,-179.0,NA,9.0,71.0,52.0,80.0,114.0,78.0,161.0,80.0,212.0,81.0,3.0,1974.0,0.0,394.0,0.0,575.0,6.0,124.0,82.0
AAA,2013J,57506,M,South Region,Lower Than A Level,70-80%,35-55,0,60,N,Pass,-103.0,NA,18.0,68.0,53.0,76.0,116.0,78.0,166.0,80.0,214.0,68.0,5.0,30.0,8.0,360.0,0.0,708.0,16.0,132.0,60.0
AAA,2013J,58873,F,East Anglian Region,A Level or Equivalent,20-30%,0-35,0,60,N,Pass,-47.0,NA,19.0,73.0,54.0,74.0,119.0,68.0,166.0,73.0,215.0,78.0,8.0,229.0,0.0,488.0,2.0,811.0,6.0,110.0,78.0
AAA,2013J,59185,M,East Anglian Region,Lower Than A Level,60-70%,35-55,0,60,N,Pass,-59.0,NA,18.0,67.0,53.0,71.0,117.0,78.0,166.0,88.0,215.0,89.0,0.0,218.0,0.0,215.0,3.0,521.0,13.0,100.0,32.0
AAA,2013J,62155,F,North Western Region,HE Qualification,50-60%,0-35,0,60,N,Pass,-68.0,NA,17.0,73.0,50.0,85.0,114.0,75.0,164.0,70.0,213.0,77.0,12.0,1255.0,0.0,513.0,1.0,1520.0,21.0,61.0,5.0
AAA,2013J,63400,M,Scotland,Lower Than A Level,40-50%,35-55,0,60,N,Pass,-67.0,NA,19.0,83.0,54.0,42.0,117.0,78.0,166.0,76.0,215.0,79.0,25.0,411.0,0.0,543.0,0.0,1419.0,8.0,204.0,127.0
AAA,2013J,65002,F,East Anglian Region,A Level or Equivalent,70-80%,0-35,0,60,N,Withdrawn,-180.0,96.0,17.0,66.0,51.0,68.0,NA,NA,NA,NA,NA,NA,0.0,12.0,0.0,38.0,0.0,100.0,2.0,18.0,1.0
AAA,2013J,70464,F,West Midlands Region,A Level or Equivalent,60-70%,35-55,0,60,N,Pass,-95.0,NA,19.0,59.0,52.0,60.0,115.0,60.0,164.0,61.0,198.0,38.0,1.0,91.0,2.0,254.0,2.0,610.0,12.0,56.0,25.0
AAA,2013J,71361,M,Ireland,HE Qualification,NA,35-55,0,60,N,Pass,-130.0,NA,19.0,82.0,53.0,86.0,117.0,82.0,165.0,77.0,215.0,75.0,3.0,822.0,0.0,390.0,1.0,853.0,49.0,129.0,80.0
AAA,2013J,74372,M,East Anglian Region,A Level or Equivalent,10-20,35-55,0,150,N,Fail,-50.0,NA,22.0,60.0,54.0,18.0,120.0,67.0,166.0,49.0,NA,NA,0.0,14.0,0.0,34.0,0.0,43.0,1.0,22.0,2.0
AAA,2013J,75091,M,South West Region,A Level or Equivalent,30-40%,35-55,0,60,N,Pass,-107.0,NA,18.0,67.0,52.0,66.0,116.0,67.0,170.0,65.0,212.0,65.0,12.0,756.0,0.0,602.0,0.0,1349.0,42.0,176.0,55.0
AAA,2013J,77367,M,East Midlands Region,A Level or Equivalent,30-40%,0-35,0,60,N,Pass,-27.0,NA,18.0,73.0,54.0,76.0,115.0,72.0,173.0,67.0,215.0,64.0,0.0,77.0,0.0,248.0,0.0,252.0,7.0,68.0,28.0
AAA,2013J,91265,M,North Western Region,HE Qualification,0-10%,0-35,0,60,N,Pass,-31.0,NA,21.0,75.0,64.0,74.0,122.0,75.0,170.0,73.0,220.0,57.0,8.0,5.0,0.0,424.0,0.0,893.0,9.0,116.0,39.0
AAA,2013J,94961,M,South Region,Lower Than A Level,70-80%,35-55,0,60,N,Withdrawn,-170.0,72.0,17.0,74.0,NA,NA,NA,NA,NA,NA,NA,NA,0.0,12.0,0.0,70.0,0.0,183.0,1.0,57.0,16.0
AAA,2013J,98094,M,Wales,Lower Than A Level,70-80%,35-55,0,60,N,Pass,-107.0,NA,18.0,62.0,49.0,59.0,106.0,59.0,157.0,61.0,202.0,62.0,11.0,33.0,0.0,486.0,0.0,2069.0,33.0,189.0,18.0
AAA,2013J,100893,M,Yorkshire Region,A Level or Equivalent,20-30%,0-35,0,60,N,Pass,-62.0,NA,17.0,63.0,50.0,68.0,116.0,71.0,171.0,74.0,218.0,66.0,4.0,255.0,0.0,161.0,1.0,228.0,6.0,67.0,22.0
AAA,2013J,101781,M,South Region,Lower Than A Level,80-90%,35-55,0,60,N,Pass,-103.0,NA,16.0,84.0,52.0,64.0,116.0,75.0,165.0,66.0,213.0,74.0,17.0,642.0,0.0,695.0,0.0,2298.0,20.0,269.0,163.0
AAA,2013J,102806,M,North Western Region,A Level or Equivalent,30-40%,0-35,0,60,N,Pass,-107.0,NA,19.0,80.0,54.0,86.0,117.0,86.0,166.0,78.0,215.0,60.0,3.0,414.0,0.0,563.0,0.0,864.0,16.0,83.0,1.0
AAA,2013J,102952,M,London Region,HE Qualification,60-70%,0-35,0,60,N,Pass,-100.0,NA,19.0,76.0,52.0,70.0,117.0,83.0,166.0,73.0,215.0,81.0,5.0,217.0,0.0,172.0,0.0,607.0,22.0,102.0,25.0
AAA,2013J,104476,M,Ireland,Post Graduate Qualification,NA,35-55,0,60,N,Pass,-109.0,NA,30.0,85.0,62.0,78.0,117.0,80.0,166.0,77.0,215.0,78.0,10.0,353.0,0.0,813.0,5.0,3122.0,49.0,286.0,139.0
AAA,2013J,106247,M,South Region,HE Qualification,80-90%,35-55,0,60,N,Withdrawn,5.0,175.0,32.0,67.0,64.0,66.0,115.0,47.0,NA,NA,NA,NA,0.0,59.0,0.0,117.0,1.0,230.0,16.0,39.0,3.0
AAA,2013J,106577,M,East Midlands Region,Lower Than A Level,20-30%,0-35,0,60,N,Pass,-107.0,NA,18.0,57.0,54.0,51.0,117.0,56.0,173.0,38.0,215.0,65.0,0.0,91.0,0.0,183.0,0.0,389.0,15.0,55.0,0.0
AAA,2013J,110175,M,East Anglian Region,HE Qualification,80-90%,35-55,0,60,N,Pass,-110.0,NA,18.0,66.0,55.0,61.0,116.0,68.0,165.0,53.0,215.0,69.0,0.0,30.0,0.0,212.0,0.0,499.0,52.0,152.0,53.0
AAA,2013J,111717,F,East Anglian Region,HE Qualification,90-100%,35-55,0,60,N,Pass,-43.0,NA,10.0,80.0,NA,NA,117.0,80.0,NA,NA,215.0,83.0,14.0,259.0,1.0,489.0,2.0,1341.0,18.0,160.0,59.0
AAA,2013J,113295,M,Yorkshire Region,Lower Than A Level,60-70%,35-55,0,60,N,Pass,-26.0,NA,19.0,81.0,61.0,77.0,113.0,77.0,173.0,75.0,222.0,78.0,16.0,802.0,0.0,979.0,4.0,1383.0,32.0,221.0,116.0
AAA,2013J,114017,F,North Region,Post Graduate Qualification,NA,35-55,0,60,N,Pass,-29.0,NA,18.0,66.0,53.0,76.0,116.0,74.0,165.0,72.0,214.0,71.0,0.0,5.0,0.0,174.0,0.0,344.0,37.0,157.0,40.0
AAA,2013J,114999,M,Yorkshire Region,HE Qualification,60-70%,35-55,0,60,N,Pass,-68.0,NA,18.0,74.0,52.0,79.0,123.0,77.0,171.0,80.0,214.0,54.0,10.0,129.0,0.0,241.0,2.0,852.0,27.0,65.0,32.0
AAA,2013J,116541,M,Wales,HE Qualification,0-10%,0-35,0,60,N,Pass,-68.0,NA,19.0,76.0,75.0,66.0,131.0,60.0,173.0,60.0,220.0,50.0,3.0,72.0,0.0,420.0,0.0,1149.0,4.0,131.0,107.0
AAA,2013J,116692,M,East Anglian Region,A Level or Equivalent,70-80%,35-55,0,60,N,Pass,-32.0,NA,16.0,72.0,47.0,77.0,114.0,72.0,163.0,78.0,208.0,72.0,0.0,18.0,0.0,315.0,0.0,606.0,8.0,112.0,49.0
AAA,2013J,118983,M,East Midlands Region,HE Qualification,30-40%,0-35,0,120,N,Pass,-99.0,NA,19.0,73.0,54.0,63.0,117.0,65.0,166.0,63.0,215.0,45.0,0.0,9.0,0.0,62.0,0.0,151.0,14.0,43.0,5.0
AAA,2013J,123044,M,South Region,A Level or Equivalent,40-50%,35-55,0,60,N,Pass,-82.0,NA,25.0,75.0,54.0,72.0,117.0,72.0,166.0,70.0,215.0,68.0,3.0,390.0,0.0,486.0,2.0,857.0,9.0,199.0,95.0
AAA,2013J,127582,F,East Midlands Region,A Level or Equivalent,40-50%,0-35,0,180,N,Pass,-31.0,NA,26.0,69.0,61.0,66.0,117.0,71.0,173.0,75.0,215.0,67.0,0.0,198.0,0.0,324.0,0.0,666.0,18.0,90.0,25.0
AAA,2013J,129955,M,West Midlands Region,A Level or Equivalent,50-60%,0-35,0,60,N,Withdrawn,-197.0,135.0,18.0,85.0,54.0,82.0,127.0,76.0,NA,NA,NA,NA,6.0,30.0,0.0,301.0,1.0,606.0,4.0,43.0,20.0
AAA,2013J,132976,F,East Anglian Region,Lower Than A Level,80-90%,35-55,0,120,N,Pass,-75.0,NA,18.0,63.0,53.0,65.0,116.0,75.0,165.0,72.0,215.0,62.0,6.0,51.0,0.0,95.0,1.0,308.0,7.0,50.0,2.0
AAA,2013J,134143,F,South East Region,A Level or Equivalent,90-100%,35-55,0,60,N,Distinction,-96.0,NA,18.0,87.0,53.0,83.0,116.0,85.0,165.0,86.0,215.0,81.0,24.0,18.0,0.0,504.0,4.0,2078.0,28.0,72.0,4.0
AAA,2013J,135335,F,East Anglian Region,Lower Than A Level,20-30%,0-35,0,180,N,Withdrawn,-29.0,30.0,NA,NA,NA,NA,NA,NA,NA,NA,NA,NA,0.0,0.0,0.0,21.0,0.0,33.0,0.0,3.0,0.0
AAA,2013J,135400,F,South East Region,Lower Than A Level,90-100%,35-55,0,60,Y,Withdrawn,-32.0,144.0,19.0,72.0,49.0,51.0,NA,NA,NA,NA,NA,NA,0.0,21.0,0.0,61.0,0.0,149.0,3.0,41.0,12.0
AAA,2013J,137873,M,South West Region,A Level or Equivalent,40-50%,35-55,0,60,N,Pass,-195.0,NA,15.0,72.0,54.0,81.0,117.0,83.0,161.0,78.0,215.0,87.0,6.0,2676.0,0.0,1042.0,0.0,1516.0,27.0,197.0,64.0
AAA,2013J,141355,F,East Midlands Region,A Level or Equivalent,30-40%,0-35,0,240,N,Pass,-61.0,NA,19.0,77.0,54.0,74.0,117.0,70.0,173.0,71.0,215.0,71.0,7.0,894.0,0.0,263.0,0.0,521.0,19.0,89.0,30.0
AAA,2013J,141377,M,South West Region,A Level or Equivalent,90-100%,0-35,0,345,N,Withdrawn,-110.0,129.0,54.0,45.0,NA,NA,NA,NA,NA,NA,NA,NA,1.0,25.0,2.0,33.0,0.0,51.0,4.0,27.0,0.0
AAA,2013J,142326,F,North Region,A Level or Equivalent,50-60%,35-55,0,60,N,Pass,-37.0,NA,17.0,65.0,65.0,76.0,117.0,74.0,165.0,71.0,212.0,82.0,18.0,379.0,0.0,502.0,0.0,934.0,14.0,170.0,104.0
AAA,2013J,144801,F,South Region,HE Qualification,80-90%,35-55,0,60,N,Pass,-67.0,NA,19.0,61.0,56.0,64.0,117.0,65.0,166.0,75.0,216.0,79.0,2.0,2092.0,1.0,1057.0,2.0,2005.0,53.0,296.0,137.0
AAA,2013J,145130,M,South West Region,HE Qualification,60-70%,0-35,0,120,N,Pass,-36.0,NA,19.0,75.0,54.0,37.0,127.0,49.0,177.0,48.0,215.0,63.0,0.0,49.0,0.0,94.0,0.0,270.0,10.0,29.0,0.0
AAA,2013J,146188,F,West Midlands Region,A Level or Equivalent,20-30%,0-35,0,60,Y,Fail,-132.0,NA,19.0,52.0,61.0,53.0,117.0,62.0,183.0,43.0,215.0,40.0,0.0,72.0,0.0,142.0,2.0,314.0,13.0,49.0,5.0
AAA,2013J,147756,M,North Region,Lower Than A Level,60-70%,0-35,0,120,N,Fail,-92.0,NA,18.0,77.0,53.0,72.0,123.0,75.0,172.0,71.0,NA,NA,0.0,86.0,0.0,187.0,0.0,284.0,10.0,39.0,5.0
AAA,2013J,147793,F,North Region,Lower Than A Level,80-90%,0-35,0,90,N,Withdrawn,-138.0,58.0,32.0,52.0,NA,NA,NA,NA,NA,NA,NA,NA,0.0,56.0,0.0,35.0,0.0,45.0,1.0,18.0,0.0
AAA,2013J,148993,F,North Western Region,A Level or Equivalent,30-40%,35-55,0,60,Y,Withdrawn,-174.0,158.0,25.0,68.0,63.0,70.0,122.0,78.0,NA,NA,NA,NA,3.0,878.0,1.0,402.0,0.0,506.0,8.0,53.0,13.0
AAA,2013J,151358,F,London Region,A Level or Equivalent,80-90%,0-35,0,150,N,Pass,-44.0,NA,17.0,54.0,52.0,48.0,108.0,45.0,164.0,53.0,212.0,50.0,0.0,3.0,0.0,34.0,0.0,183.0,6.0,39.0,5.0
AAA,2013J,155550,M,London Region,A Level or Equivalent,0-10%,35-55,0,420,N,Pass,-16.0,NA,19.0,75.0,54.0,66.0,117.0,68.0,170.0,61.0,215.0,65.0,0.0,107.0,0.0,335.0,0.0,824.0,32.0,161.0,70.0
AAA,2013J,155854,F,East Midlands Region,A Level or Equivalent,20-30%,35-55,0,60,N,Pass,-54.0,NA,18.0,82.0,53.0,79.0,116.0,79.0,165.0,81.0,214.0,78.0,40.0,834.0,0.0,1009.0,2.0,2007.0,30.0,76.0,5.0
AAA,2013J,155984,F,East Anglian Region,Lower Than A Level,70-80%,0-35,0,60,N,Withdrawn,-64.0,191.0,19.0,85.0,90.0,75.0,NA,NA,NA,NA,NA,NA,1.0,210.0,0.0,179.0,2.0,374.0,19.0,85.0,38.0
AAA,2013J,157568,F,South West Region,A Level or Equivalent,90-100%,0-35,0,60,N,Pass,-52.0,NA,18.0,79.0,66.0,81.0,138.0,74.0,181.0,60.0,215.0,59.0,8.0,30.0,0.0,287.0,1.0,880.0,8.0,115.0,76.0
AAA,2013J,159954,M,East Midlands Region,A Level or Equivalent,40-50%,35-55,0,60,N,Withdrawn,-46.0,123.0,19.0,65.0,61.0,68.0,NA,NA,NA,NA,NA,NA,0.0,161.0,1.0,256.0,2.0,646.0,4.0,75.0,40.0
AAA,2013J,164259,M,Scotland,A Level or Equivalent,70-80%,0-35,0,60,N,Pass,-64.0,NA,18.0,82.0,53.0,58.0,116.0,78.0,168.0,73.0,214.0,68.0,0.0,53.0,0.0,120.0,0.0,154.0,24.0,84.0,31.0
AAA,2013J,167906,F,Yorkshire Region,A Level or Equivalent,40-50%,35-55,0,60,N,Pass,-117.0,NA,19.0,60.0,54.0,58.0,124.0,82.0,173.0,72.0,215.0,75.0,1.0,282.0,0.0,426.0,0.0,583.0,9.0,125.0,84.0
AAA,2013J,168936,F,West Midlands Region,Lower Than A Level,10-20,35-55,0,60,N,Pass,-32.0,NA,19.0,76.0,54.0,79.0,117.0,62.0,166.0,54.0,215.0,61.0,6.0,274.0,0.0,134.0,0.0,267.0,9.0,38.0,17.0
AAA,2013J,172112,M,Ireland,HE Qualification,NA,35-55,0,60,N,Pass,-50.0,NA,19.0,60.0,68.0,67.0,124.0,74.0,180.0,72.0,215.0,75.0,0.0,253.0,1.0,317.0,0.0,1012.0,23.0,200.0,133.0
AAA,2013J,172797,F,Ireland,A Level or Equivalent,NA,35-55,0,60,N,Pass,-45.0,NA,18.0,60.0,53.0,54.0,119.0,67.0,172.0,66.0,213.0,60.0,6.0,287.0,1.0,451.0,0.0,841.0,29.0,142.0,25.0
AAA,2013J,174782,M,East Anglian Region,HE Qualification,90-100%,55<=,0,60,N,Pass,-162.0,NA,17.0,83.0,52.0,79.0,115.0,77.0,164.0,83.0,213.0,80.0,5.0,2988.0,0.0,1304.0,3.0,1536.0,19.0,282.0,181.0
AAA,2013J,175392,M,North Region,HE Qualification,NA,35-55,0,60,N,Pass,-195.0,NA,16.0,85.0,53.0,74.0,116.0,82.0,164.0,93.0,213.0,78.0,6.0,2097.0,0.0,901.0,0.0,1051.0,72.0,195.0,125.0
AAA,2013J,175932,M,North Western Region,HE Qualification,70-80%,35-55,0,60,N,Pass,-92.0,NA,18.0,76.0,57.0,73.0,119.0,78.0,165.0,82.0,214.0,82.0,13.0,258.0,0.0,358.0,0.0,1189.0,8.0,162.0,28.0
AAA,2013J,175991,F,North Western Region,A Level or Equivalent,80-90%,0-35,0,180,N,Fail,-57.0,NA,15.0,51.0,116.0,28.0,116.0,42.0,166.0,32.0,239.0,35.0,0.0,13.0,0.0,36.0,0.0,65.0,0.0,23.0,1.0
AAA,2013J,180753,M,South West Region,A Level or Equivalent,30-40%,0-35,0,120,N,Pass,-64.0,NA,18.0,61.0,53.0,59.0,113.0,44.0,164.0,59.0,209.0,44.0,9.0,767.0,0.0,355.0,0.0,679.0,12.0,136.0,54.0
AAA,2013J,181316,F,South West Region,A Level or Equivalent,80-90%,35-55,0,120,N,Withdrawn,-39.0,60.0,20.0,76.0,NA,NA,NA,NA,NA,NA,NA,NA,1.0,151.0,1.0,53.0,0.0,243.0,6.0,27.0,5.0
AAA,2013J,183096,F,South West Region,A Level or Equivalent,60-70%,0-35,0,60,N,Pass,-128.0,NA,19.0,57.0,57.0,53.0,117.0,51.0,166.0,52.0,215.0,57.0,3.0,271.0,0.0,393.0,0.0,1027.0,17.0,171.0,93.0
AAA,2013J,183947,M,London Region,A Level or Equivalent,10-20,0-35,0,180,N,Pass,-32.0,NA,19.0,67.0,54.0,33.0,118.0,48.0,170.0,54.0,215.0,43.0,0.0,291.0,1.0,176.0,0.0,396.0,37.0,57.0,6.0
AAA,2013J,184271,M,South West Region,HE Qualification,80-90%,35-55,0,170,N,Pass,-74.0,NA,18.0,65.0,53.0,62.0,117.0,65.0,158.0,53.0,212.0,54.0,18.0,129.0,1.0,296.0,1.0,802.0,13.0,45.0,7.0
AAA,2013J,185439,M,London Region,HE Qualification,10-20,0-35,0,120,N,Fail,-12.0,NA,24.0,74.0,NA,NA,NA,NA,NA,NA,NA,NA,0.0,39.0,1.0,75.0,4.0,250.0,16.0,41.0,1.0
AAA,2013J,186149,M,Scotland,HE Qualification,30-40%,35-55,0,60,N,Pass,-109.0,NA,33.0,85.0,68.0,81.0,127.0,78.0,171.0,55.0,215.0,81.0,4.0,516.0,2.0,466.0,11.0,897.0,37.0,122.0,81.0
AAA,2013J,187100,M,South East Region,A Level or Equivalent,50-60%,35-55,0,60,N,Distinction,-136.0,NA,17.0,88.0,52.0,90.0,115.0,88.0,164.0,90.0,213.0,90.0,5.0,3274.0,0.0,2143.0,0.0,2021.0,25.0,711.0,383.0
AAA,2013J,188278,M,Yorkshire Region,A Level or Equivalent,70-80%,35-55,0,120,N,Withdrawn,-57.0,60.0,19.0,76.0,NA,NA,NA,NA,NA,NA,NA,NA,0.0,330.0,0.0,360.0,3.0,538.0,5.0,136.0,62.0
AAA,2013J,189879,M,Scotland,A Level or Equivalent,90-100%,0-35,0,120,N,Pass,-180.0,NA,19.0,76.0,60.0,85.0,114.0,83.0,166.0,83.0,209.0,70.0,10.0,410.0,0.0,386.0,1.0,527.0,8.0,123.0,76.0
AAA,2013J,192183,F,South West Region,Lower Than A Level,90-100%,0-35,0,60,N,Pass,-62.0,NA,19.0,75.0,58.0,66.0,116.0,68.0,165.0,75.0,215.0,58.0,18.0,299.0,0.0,698.0,0.0,1826.0,8.0,214.0,156.0
AAA,2013J,195262,M,London Region,A Level or Equivalent,90-100%,0-35,0,60,N,Withdrawn,-45.0,185.0,NA,NA,NA,NA,118.0,50.0,NA,NA,NA,NA,10.0,337.0,0.0,304.0,1.0,1116.0,14.0,85.0,38.0
AAA,2013J,200860,M,London Region,Lower Than A Level,50-60%,35-55,0,60,N,Pass,-54.0,NA,18.0,69.0,53.0,58.0,114.0,59.0,159.0,53.0,217.0,33.0,0.0,158.0,0.0,199.0,0.0,91.0,16.0,68.0,2.0
AAA,2013J,202635,F,Wales,A Level or Equivalent,30-40%,0-35,0,60,N,Withdrawn,-73.0,166.0,27.0,68.0,63.0,70.0,131.0,62.0,NA,NA,NA,NA,0.0,547.0,0.0,296.0,8.0,504.0,8.0,44.0,11.0
AAA,2013J,205350,M,South West Region,HE Qualification,80-90%,35-55,0,60,N,Pass,-68.0,NA,19.0,75.0,54.0,59.0,117.0,87.0,166.0,65.0,215.0,75.0,12.0,559.0,0.0,337.0,4.0,577.0,59.0,84.0,33.0
AAA,2013J,205719,M,East Anglian Region,A Level or Equivalent,40-50%,0-35,0,90,Y,Fail,-51.0,NA,19.0,67.0,58.0,63.0,124.0,40.0,NA,NA,NA,NA,0.0,13.0,0.0,81.0,0.0,193.0,5.0,30.0,11.0
AAA,2013J,227499,F,London Region,A Level or Equivalent,10-20,35-55,0,60,N,Distinction,-169.0,NA,19.0,84.0,53.0,83.0,116.0,84.0,163.0,84.0,215.0,83.0,10.0,1299.0,0.0,668.0,0.0,752.0,21.0,103.0,100.0
AAA,2013J,227517,M,Ireland,HE Qualification,NA,0-35,0,180,N,Fail,-172.0,NA,18.0,63.0,54.0,67.0,116.0,66.0,165.0,63.0,215.0,54.0,0.0,269.0,0.0,205.0,1.0,577.0,7.0,126.0,20.0
AAA,2013J,228082,M,London Region,HE Qualification,60-70%,0-35,0,60,N,Pass,-31.0,NA,19.0,58.0,54.0,68.0,117.0,77.0,166.0,77.0,215.0,82.0,1.0,27.0,0.0,57.0,0.0,69.0,13.0,59.0,1.0
AAA,2013J,228222,M,East Midlands Region,Lower Than A Level,50-60%,0-35,0,60,N,Pass,-108.0,NA,19.0,71.0,61.0,45.0,131.0,67.0,179.0,66.0,215.0,60.0,0.0,86.0,0.0,133.0,0.0,152.0,8.0,42.0,24.0
AAA,2013J,229179,M,West Midlands Region,A Level or Equivalent,20-30%,0-35,0,60,N,Pass,-165.0,NA,19.0,64.0,54.0,68.0,115.0,70.0,165.0,73.0,214.0,55.0,0.0,75.0,0.0,145.0,0.0,315.0,7.0,53.0,19.0
AAA,2013J,229361,M,East Midlands Region,A Level or Equivalent,50-60%,0-35,0,60,N,Pass,-58.0,NA,18.0,81.0,53.0,76.0,116.0,75.0,165.0,82.0,214.0,76.0,10.0,40.0,0.0,372.0,0.0,622.0,2.0,112.0,57.0
AAA,2013J,231554,M,London Region,A Level or Equivalent,40-50%,0-35,0,240,N,Pass,-29.0,NA,19.0,80.0,54.0,62.0,118.0,63.0,NA,NA,216.0,66.0,2.0,436.0,0.0,300.0,0.0,1020.0,6.0,71.0,4.0
AAA,2013J,235507,M,Yorkshire Region,A Level or Equivalent,90-100%,0-35,0,240,N,Withdrawn,-79.0,109.0,18.0,65.0,NA,NA,NA,NA,NA,NA,NA,NA,0.0,6.0,0.0,34.0,0.0,129.0,4.0,14.0,3.0
AAA,2013J,236284,M,Scotland,Post Graduate Qualification,90-100%,0-35,0,60,N,Pass,2.0,NA,23.0,85.0,54.0,84.0,117.0,83.0,166.0,78.0,219.0,60.0,0.0,58.0,0.0,94.0,0.0,498.0,9.0,59.0,14.0
AAA,2013J,238007,M,South Region,HE Qualification,90-100%,55<=,0,60,N,Pass,-151.0,NA,19.0,83.0,54.0,73.0,117.0,68.0,166.0,86.0,215.0,86.0,8.0,343.0,3.0,391.0,0.0,965.0,19.0,126.0,80.0
AAA,2013J,240712,M,London Region,HE Qualification,80-90%,0-35,0,80,N,Pass,-45.0,NA,19.0,82.0,54.0,81.0,117.0,80.0,166.0,70.0,215.0,66.0,0.0,18.0,0.0,64.0,0.0,213.0,2.0,22.0,2.0
AAA,2013J,240884,M,South Region,A Level or Equivalent,90-100%,0-35,0,120,N,Pass,-47.0,NA,18.0,74.0,53.0,54.0,115.0,56.0,165.0,54.0,210.0,54.0,0.0,40.0,0.0,87.0,0.0,197.0,5.0,83.0,15.0
AAA,2013J,241649,M,East Anglian Region,HE Qualification,90-100%,35-55,0,60,N,Pass,-50.0,NA,16.0,85.0,42.0,66.0,115.0,80.0,153.0,78.0,215.0,85.0,13.0,198.0,0.0,358.0,0.0,1166.0,8.0,109.0,40.0
AAA,2013J,241729,F,East Midlands Region,HE Qualification,60-70%,35-55,0,60,N,Fail,-31.0,NA,19.0,51.0,64.0,55.0,114.0,62.0,165.0,64.0,214.0,61.0,5.0,195.0,0.0,484.0,0.0,945.0,21.0,124.0,55.0
AAA,2013J,242793,M,London Region,HE Qualification,20-30%,35-55,0,60,N,Pass,-36.0,NA,18.0,66.0,53.0,75.0,116.0,77.0,166.0,85.0,215.0,84.0,0.0,44.0,0.0,119.0,0.0,388.0,25.0,67.0,15.0
AAA,2013J,246834,M,South West Region,A Level or Equivalent,90-100%,35-55,0,60,N,Pass,-16.0,NA,18.0,60.0,54.0,56.0,117.0,58.0,166.0,52.0,215.0,52.0,5.0,163.0,1.0,208.0,0.0,595.0,15.0,148.0,39.0
AAA,2013J,248270,M,North Western Region,Lower Than A Level,20-30%,0-35,0,90,N,Pass,-198.0,NA,19.0,77.0,61.0,79.0,116.0,74.0,175.0,80.0,219.0,82.0,5.0,449.0,0.0,836.0,3.0,556.0,10.0,85.0,25.0
AAA,2013J,255548,M,Wales,Lower Than A Level,20-30%,35-55,0,60,N,Pass,-103.0,NA,19.0,84.0,61.0,75.0,119.0,84.0,177.0,60.0,219.0,54.0,1.0,564.0,2.0,603.0,0.0,1033.0,7.0,234.0,136.0
AAA,2013J,256815,M,North Western Region,HE Qualification,10-20,0-35,0,120,N,Pass,-117.0,NA,37.0,71.0,54.0,75.0,123.0,79.0,170.0,79.0,210.0,80.0,9.0,106.0,0.0,475.0,0.0,694.0,45.0,138.0,14.0
AAA,2013J,258392,F,West Midlands Region,Lower Than A Level,30-40%,0-35,0,60,N,Pass,-68.0,NA,18.0,58.0,60.0,57.0,117.0,64.0,173.0,54.0,214.0,61.0,0.0,68.0,2.0,135.0,1.0,425.0,53.0,112.0,48.0
AAA,2013J,258894,F,East Anglian Region,Lower Than A Level,70-80%,35-55,0,60,N,Pass,-172.0,NA,19.0,58.0,67.0,65.0,117.0,75.0,169.0,72.0,215.0,54.0,3.0,1528.0,0.0,1220.0,0.0,1818.0,232.0,162.0,0.0
AAA,2013J,260355,F,London Region,A Level or Equivalent,80-90%,35-55,0,60,N,Withdrawn,-186.0,170.0,21.0,55.0,59.0,60.0,127.0,NA,NA,NA,NA,NA,0.0,50.0,0.0,139.0,0.0,217.0,3.0,14.0,3.0
AAA,2013J,262011,M,East Midlands Region,A Level or Equivalent,20-30%,35-55,0,60,N,Pass,-145.0,NA,18.0,60.0,54.0,79.0,117.0,70.0,180.0,75.0,215.0,71.0,0.0,240.0,2.0,199.0,1.0,472.0,9.0,113.0,30.0
AAA,2013J,262934,F,North Western Region,A Level or Equivalent,30-40%,35-55,0,60,N,Pass,-191.0,NA,18.0,81.0,53.0,80.0,116.0,75.0,165.0,72.0,214.0,75.0,0.0,555.0,0.0,596.0,0.0,870.0,21.0,250.0,115.0
AAA,2013J,268073,M,East Anglian Region,A Level or Equivalent,10-20,35-55,0,90,N,Fail,-33.0,NA,18.0,64.0,50.0,78.0,113.0,83.0,165.0,75.0,214.0,73.0,8.0,1287.0,0.0,585.0,0.0,1083.0,14.0,143.0,90.0
AAA,2013J,268733,M,East Anglian Region,A Level or Equivalent,30-40%,0-35,0,180,N,Withdrawn,-17.0,187.0,29.0,51.0,NA,NA,118.0,35.0,NA,NA,NA,NA,0.0,7.0,0.0,38.0,0.0,123.0,0.0,18.0,2.0
AAA,2013J,271251,M,Scotland,A Level or Equivalent,80-90%,35-55,0,60,N,Pass,-68.0,NA,19.0,80.0,54.0,62.0,117.0,72.0,166.0,83.0,215.0,85.0,7.0,118.0,0.0,674.0,0.0,1897.0,35.0,344.0,273.0
AAA,2013J,277880,F,South East Region,A Level or Equivalent,60-70%,0-35,0,60,N,Withdrawn,-108.0,177.0,20.0,70.0,72.0,65.0,119.0,68.0,NA,NA,NA,NA,0.0,445.0,8.0,389.0,1.0,1026.0,9.0,138.0,0.0
AAA,2013J,279572,M,London Region,Lower Than A Level,40-50%,0-35,0,60,N,Distinction,-138.0,NA,18.0,79.0,54.0,82.0,110.0,73.0,164.0,79.0,210.0,83.0,0.0,114.0,0.0,197.0,0.0,770.0,15.0,86.0,1.0
AAA,2013J,281022,F,Scotland,A Level or Equivalent,30-40%,0-35,0,150,N,Pass,-74.0,NA,18.0,70.0,58.0,72.0,117.0,74.0,170.0,77.0,215.0,74.0,0.0,36.0,0.0,88.0,0.0,315.0,8.0,39.0,6.0
AAA,2013J,281250,M,Wales,Lower Than A Level,70-80%,35-55,0,60,N,Fail,-64.0,NA,18.0,63.0,52.0,57.0,116.0,65.0,165.0,40.0,209.0,52.0,1.0,25.0,0.0,31.0,0.0,43.0,6.0,23.0,1.0
AAA,2013J,281589,M,North Western Region,HE Qualification,30-40%,0-35,0,60,N,Fail,-50.0,NA,NA,NA,NA,NA,NA,NA,NA,NA,NA,NA,0.0,21.0,0.0,16.0,0.0,21.0,0.0,1.0,0.0
AAA,2013J,282821,M,South West Region,A Level or Equivalent,30-40%,35-55,0,60,N,Pass,-107.0,NA,19.0,61.0,63.0,53.0,127.0,72.0,176.0,74.0,215.0,43.0,8.0,265.0,1.0,331.0,0.0,1129.0,18.0,170.0,39.0
AAA,2013J,286488,M,South East Region,A Level or Equivalent,90-100%,35-55,0,60,N,Pass,-8.0,NA,18.0,55.0,54.0,73.0,118.0,77.0,172.0,70.0,219.0,80.0,1.0,99.0,1.0,130.0,0.0,721.0,14.0,64.0,16.0
AAA,2013J,287548,M,East Anglian Region,A Level or Equivalent,90-100%,0-35,0,120,N,Pass,-52.0,NA,21.0,69.0,53.0,70.0,116.0,60.0,165.0,70.0,214.0,70.0,0.0,17.0,0.0,101.0,1.0,343.0,1.0,18.0,2.0
AAA,2013J,290201,M,Wales,A Level or Equivalent,20-30%,0-35,0,60,N,Pass,-96.0,NA,18.0,78.0,61.0,69.0,117.0,75.0,166.0,58.0,215.0,72.0,8.0,64.0,0.0,356.0,1.0,962.0,12.0,235.0,102.0
AAA,2013J,290757,M,North Western Region,A Level or Equivalent,30-40%,0-35,0,60,N,Pass,-141.0,NA,18.0,75.0,53.0,74.0,116.0,76.0,165.0,80.0,215.0,70.0,0.0,68.0,0.0,93.0,0.0,132.0,294.0,54.0,11.0
AAA,2013J,291334,M,South East Region,A Level or Equivalent,90-100%,35-55,0,60,N,Distinction,-132.0,NA,18.0,85.0,60.0,84.0,116.0,85.0,165.0,86.0,215.0,78.0,14.0,2362.0,12.0,885.0,1.0,1510.0,27.0,275.0,145.0
AAA,2013J,292923,F,South East Region,A Level or Equivalent,90-100%,35-55,0,180,N,Withdrawn,-162.0,-121.0,NA,NA,NA,NA,NA,NA,NA,NA,NA,NA,NA,NA,NA,NA,NA,NA,NA,NA,NA
AAA,2013J,293699,M,East Midlands Region,A Level or Equivalent,70-80%,0-35,0,120,N,Pass,-27.0,NA,NA,NA,54.0,55.0,125.0,53.0,174.0,38.0,215.0,41.0,0.0,43.0,0.0,59.0,0.0,33.0,9.0,38.0,5.0
AAA,2013J,294570,M,South East Region,HE Qualification,90-100%,55<=,0,60,N,Pass,-80.0,NA,16.0,72.0,50.0,82.0,114.0,78.0,163.0,82.0,210.0,77.0,3.0,258.0,0.0,443.0,1.0,983.0,32.0,52.0,3.0
AAA,2013J,294594,M,South East Region,A Level or Equivalent,90-100%,0-35,0,60,N,Pass,-145.0,NA,18.0,61.0,53.0,53.0,116.0,54.0,164.0,53.0,213.0,43.0,5.0,5.0,0.0,214.0,0.0,551.0,1.0,54.0,35.0
AAA,2013J,295741,M,South East Region,A Level or Equivalent,40-50%,35-55,0,240,N,Fail,-17.0,NA,18.0,38.0,53.0,52.0,115.0,52.0,164.0,54.0,220.0,55.0,0.0,109.0,0.0,217.0,0.0,257.0,21.0,87.0,18.0
AAA,2013J,296332,M,South Region,Post Graduate Qualification,90-100%,55<=,0,60,N,Distinction,-115.0,NA,18.0,91.0,52.0,95.0,114.0,94.0,159.0,88.0,214.0,66.0,14.0,322.0,1.0,363.0,3.0,1387.0,27.0,30.0,5.0
AAA,2013J,298696,F,South East Region,HE Qualification,80-90%,0-35,0,60,N,Pass,-32.0,NA,19.0,77.0,68.0,70.0,117.0,85.0,165.0,85.0,215.0,87.0,3.0,30.0,0.0,127.0,0.0,244.0,30.0,62.0,18.0
AAA,2013J,300398,M,West Midlands Region,A Level or Equivalent,30-40%,35-55,0,60,N,Pass,-59.0,NA,20.0,82.0,48.0,80.0,100.0,79.0,152.0,76.0,208.0,77.0,0.0,772.0,0.0,382.0,0.0,573.0,11.0,200.0,59.0
AAA,2013J,302302,F,East Anglian Region,A Level or Equivalent,40-50%,0-35,0,60,N,Fail,-83.0,NA,18.0,58.0,59.0,59.0,117.0,59.0,NA,NA,NA,NA,11.0,100.0,0.0,101.0,0.0,216.0,11.0,70.0,4.0
AAA,2013J,305152,M,North Western Region,A Level or Equivalent,70-80%,0-35,0,60,N,Fail,-18.0,NA,19.0,64.0,NA,NA,NA,NA,NA,NA,NA,NA,0.0,37.0,0.0,40.0,0.0,53.0,1.0,15.0,0.0
AAA,2013J,305386,M,West Midlands Region,A Level or Equivalent,70-80%,0-35,0,120,Y,Pass,-66.0,NA,19.0,75.0,54.0,76.0,117.0,83.0,166.0,80.0,215.0,76.0,2.0,24.0,0.0,234.0,0.0,957.0,16.0,40.0,4.0
AAA,2013J,305539,F,Wales,Lower Than A Level,80-90%,0-35,0,120,N,Withdrawn,-54.0,-3.0,NA,NA,NA,NA,NA,NA,NA,NA,NA,NA,0.0,14.0,0.0,22.0,0.0,24.0,1.0,6.0,1.0
AAA,2013J,306107,M,West Midlands Region,A Level or Equivalent,50-60%,35-55,0,120,N,Pass,-107.0,NA,18.0,73.0,54.0,46.0,116.0,62.0,166.0,70.0,215.0,40.0,0.0,14.0,0.0,267.0,0.0,527.0,12.0,118.0,49.0
AAA,2013J,306466,M,East Anglian Region,A Level or Equivalent,90-100%,35-55,0,60,N,Pass,-58.0,NA,7.0,81.0,53.0,78.0,116.0,88.0,165.0,76.0,215.0,87.0,9.0,163.0,1.0,253.0,1.0,744.0,14.0,31.0,4.0
AAA,2013J,306897,F,London Region,A Level or Equivalent,10-20,0-35,0,60,N,Pass,-123.0,NA,16.0,72.0,50.0,73.0,116.0,74.0,173.0,39.0,214.0,55.0,0.0,1579.0,0.0,749.0,0.0,304.0,25.0,75.0,10.0
AAA,2013J,307061,F,East Midlands Region,HE Qualification,10-20,0-35,0,60,N,Pass,-31.0,NA,19.0,82.0,54.0,76.0,117.0,83.0,166.0,82.0,215.0,83.0,0.0,157.0,0.0,223.0,0.0,474.0,26.0,119.0,82.0
AAA,2013J,307866,M,West Midlands Region,A Level or Equivalent,70-80%,0-35,0,60,N,Pass,-107.0,NA,19.0,47.0,54.0,52.0,117.0,73.0,173.0,68.0,NA,NA,0.0,235.0,0.0,337.0,1.0,765.0,8.0,110.0,20.0
AAA,2013J,311917,M,South West Region,A Level or Equivalent,60-70%,55<=,0,120,N,Pass,-121.0,NA,18.0,55.0,51.0,46.0,114.0,61.0,166.0,67.0,223.0,67.0,11.0,142.0,0.0,434.0,0.0,1305.0,22.0,212.0,104.0
AAA,2013J,312537,M,South Region,Post Graduate Qualification,90-100%,55<=,0,60,N,Distinction,-79.0,NA,19.0,88.0,54.0,90.0,114.0,88.0,163.0,85.0,213.0,88.0,12.0,5774.0,0.0,4747.0,3.0,1911.0,50.0,244.0,141.0
AAA,2013J,312782,M,South Region,A Level or Equivalent,90-100%,0-35,0,60,N,Pass,-59.0,NA,18.0,89.0,53.0,54.0,116.0,60.0,165.0,50.0,215.0,56.0,0.0,51.0,0.0,146.0,0.0,33.0,17.0,33.0,1.0
AAA,2013J,318933,F,East Anglian Region,HE Qualification,80-90%,0-35,0,120,N,Pass,-100.0,NA,16.0,70.0,53.0,63.0,102.0,62.0,156.0,68.0,204.0,70.0,0.0,179.0,0.0,485.0,0.0,485.0,30.0,95.0,7.0
AAA,2013J,319047,F,East Midlands Region,A Level or Equivalent,50-60%,0-35,0,60,N,Pass,-47.0,NA,26.0,77.0,54.0,75.0,117.0,81.0,166.0,80.0,215.0,79.0,8.0,3652.0,1.0,954.0,1.0,1417.0,100.0,343.0,113.0
AAA,2013J,321942,M,South Region,HE Qualification,90-100%,55<=,0,60,N,Pass,-67.0,NA,17.0,82.0,53.0,80.0,116.0,80.0,161.0,80.0,210.0,80.0,14.0,5539.0,0.0,2066.0,2.0,1880.0,20.0,342.0,220.0
AAA,2013J,324002,M,East Anglian Region,HE Qualification,40-50%,35-55,0,60,N,Pass,-32.0,NA,19.0,85.0,53.0,69.0,117.0,80.0,165.0,85.0,214.0,83.0,10.0,159.0,0.0,335.0,0.0,1090.0,19.0,188.0,100.0
AAA,2013J,324084,F,South West Region,A Level or Equivalent,10-20,35-55,0,60,N,Pass,-165.0,NA,16.0,58.0,59.0,35.0,114.0,66.0,166.0,72.0,213.0,57.0,15.0,351.0,0.0,468.0,0.0,1087.0,13.0,27.0,0.0
AAA,2013J,324282,M,South East Region,A Level or Equivalent,90-100%,0-35,0,120,N,Pass,-32.0,NA,18.0,38.0,53.0,58.0,117.0,64.0,166.0,74.0,213.0,72.0,0.0,25.0,0.0,56.0,0.0,33.0,2.0,16.0,1.0
AAA,2013J,331358,F,South Region,HE Qualification,90-100%,35-55,0,60,N,Withdrawn,-67.0,53.0,18.0,84.0,NA,NA,NA,NA,NA,NA,NA,NA,11.0,857.0,1.0,354.0,2.0,987.0,75.0,78.0,11.0
AAA,2013J,332789,F,East Anglian Region,A Level or Equivalent,60-70%,35-55,0,60,N,Pass,-64.0,NA,18.0,69.0,54.0,77.0,117.0,72.0,165.0,78.0,215.0,76.0,3.0,827.0,0.0,238.0,2.0,466.0,15.0,75.0,29.0
AAA,2013J,333059,M,Scotland,A Level or Equivalent,20-30%,0-35,0,120,N,Pass,-103.0,NA,19.0,72.0,54.0,70.0,117.0,73.0,166.0,74.0,214.0,40.0,0.0,5.0,1.0,70.0,0.0,168.0,9.0,44.0,4.0
AAA,2013J,333323,M,Scotland,HE Qualification,80-90%,0-35,0,60,N,Pass,-53.0,NA,19.0,77.0,54.0,78.0,117.0,71.0,166.0,71.0,215.0,75.0,0.0,142.0,0.0,136.0,0.0,301.0,11.0,50.0,8.0
AAA,2013J,334259,F,London Region,A Level or Equivalent,50-60%,0-35,0,150,N,Fail,-32.0,NA,19.0,57.0,NA,NA,118.0,49.0,NA,NA,NA,NA,0.0,74.0,0.0,91.0,0.0,126.0,6.0,34.0,1.0
AAA,2013J,334333,F,South West Region,A Level or Equivalent,0-10%,0-35,0,240,Y,Withdrawn,-192.0,65.0,18.0,36.0,NA,NA,NA,NA,NA,NA,NA,NA,0.0,104.0,0.0,97.0,0.0,67.0,8.0,21.0,6.0
AAA,2013J,335764,F,South East Region,A Level or Equivalent,20-30%,0-35,0,60,N,Withdrawn,-196.0,160.0,19.0,86.0,59.0,87.0,117.0,86.0,NA,NA,NA,NA,0.0,1124.0,0.0,572.0,0.0,430.0,5.0,100.0,55.0
AAA,2013J,336207,M,East Anglian Region,A Level or Equivalent,90-100%,0-35,0,120,N,Pass,-110.0,NA,17.0,71.0,51.0,67.0,115.0,65.0,163.0,75.0,215.0,63.0,20.0,130.0,0.0,275.0,0.0,763.0,6.0,111.0,11.0
AAA,2013J,339972,M,North Region,A Level or Equivalent,80-90%,0-35,0,60,N,Pass,-57.0,NA,16.0,68.0,52.0,44.0,115.0,52.0,165.0,37.0,221.0,48.0,0.0,2.0,0.0,72.0,0.0,195.0,4.0,49.0,11.0
AAA,2013J,341872,M,East Anglian Region,Lower Than A Level,40-50%,0-35,0,180,N,Fail,48.0,NA,58.0,64.0,92.0,64.0,114.0,63.0,172.0,70.0,215.0,60.0,0.0,25.0,0.0,71.0,0.0,54.0,6.0,42.0,3.0
AAA,2013J,342007,F,West Midlands Region,HE Qualification,70-80%,0-35,0,60,N,Withdrawn,-71.0,51.0,20.0,75.0,NA,NA,NA,NA,NA,NA,NA,NA,0.0,119.0,0.0,231.0,0.0,391.0,14.0,86.0,39.0
AAA,2013J,342514,M,Scotland,Lower Than A Level,50-60%,55<=,0,60,N,Pass,-81.0,NA,12.0,68.0,51.0,74.0,107.0,79.0,150.0,85.0,201.0,80.0,6.0,143.0,0.0,283.0,0.0,1263.0,9.0,157.0,89.0
AAA,2013J,342972,M,Yorkshire Region,HE Qualification,0-10%,0-35,0,60,N,Pass,-60.0,NA,14.0,62.0,58.0,57.0,112.0,53.0,164.0,57.0,213.0,73.0,0.0,195.0,1.0,245.0,1.0,259.0,9.0,91.0,37.0
AAA,2013J,343446,M,Ireland,HE Qualification,70-80%,35-55,0,120,N,Pass,-49.0,NA,19.0,74.0,59.0,77.0,117.0,78.0,173.0,77.0,215.0,86.0,3.0,1650.0,0.0,725.0,0.0,1082.0,28.0,125.0,31.0
AAA,2013J,344282,M,Yorkshire Region,A Level or Equivalent,10-20,0-35,0,60,N,Fail,-12.0,NA,18.0,61.0,53.0,53.0,116.0,47.0,165.0,42.0,214.0,43.0,0.0,0.0,0.0,19.0,0.0,23.0,3.0,20.0,0.0
AAA,2013J,345068,M,East Anglian Region,A Level or Equivalent,60-70%,0-35,0,180,Y,Pass,-37.0,NA,19.0,70.0,61.0,75.0,117.0,80.0,166.0,80.0,216.0,85.0,4.0,6.0,0.0,81.0,0.0,371.0,6.0,74.0,5.0
AAA,2013J,345357,M,Yorkshire Region,A Level or Equivalent,30-40%,0-35,0,60,N,Distinction,-18.0,NA,16.0,75.0,53.0,70.0,111.0,81.0,164.0,85.0,215.0,91.0,8.0,343.0,0.0,413.0,0.0,1227.0,6.0,137.0,85.0
AAA,2013J,346025,M,East Anglian Region,A Level or Equivalent,50-60%,0-35,0,120,N,Pass,-75.0,NA,19.0,85.0,52.0,75.0,117.0,82.0,165.0,85.0,213.0,85.0,0.0,138.0,0.0,222.0,0.0,132.0,10.0,64.0,3.0
AAA,2013J,346843,F,Scotland,HE Qualification,50-60%,35-55,0,120,N,Fail,-44.0,NA,NA,NA,NA,NA,NA,NA,NA,NA,NA,NA,0.0,5.0,0.0,28.0,0.0,113.0,0.0,15.0,3.0
AAA,2013J,350188,M,North Western Region,HE Qualification,80-90%,35-55,0,60,N,Pass,-49.0,NA,19.0,75.0,54.0,75.0,117.0,76.0,166.0,72.0,215.0,71.0,5.0,66.0,0.0,161.0,0.0,393.0,34.0,97.0,5.0
AAA,2013J,354858,M,South Region,HE Qualification,90-100%,35-55,0,120,N,Withdrawn,-32.0,5.0,NA,NA,NA,NA,NA,NA,NA,NA,NA,NA,0.0,6.0,0.0,32.0,0.0,142.0,5.0,12.0,1.0
AAA,2013J,357668,M,Yorkshire Region,A Level or Equivalent,10-20,0-35,0,60,N,Fail,-38.0,NA,19.0,49.0,54.0,63.0,117.0,59.0,NA,NA,NA,NA,0.0,7.0,2.0,61.0,0.0,45.0,8.0,38.0,5.0
AAA,2013J,364177,M,East Anglian Region,Lower Than A Level,70-80%,35-55,0,60,N,Fail,-129.0,NA,15.0,64.0,53.0,65.0,117.0,75.0,161.0,72.0,NA,NA,0.0,1.0,0.0,140.0,0.0,579.0,5.0,58.0,38.0
AAA,2013J,365244,F,London Region,A Level or Equivalent,0-10%,0-35,0,120,N,Pass,-38.0,NA,19.0,64.0,54.0,53.0,117.0,59.0,166.0,50.0,215.0,56.0,7.0,250.0,0.0,130.0,0.0,396.0,11.0,68.0,29.0
AAA,2013J,365642,M,East Anglian Region,Lower Than A Level,10-20,35-55,0,60,N,Pass,-52.0,NA,15.0,68.0,53.0,63.0,115.0,77.0,165.0,70.0,214.0,72.0,5.0,472.0,1.0,719.0,0.0,748.0,31.0,121.0,32.0
AAA,2013J,366483,M,South West Region,HE Qualification,40-50%,0-35,0,60,N,Pass,-4.0,NA,18.0,88.0,52.0,70.0,114.0,82.0,162.0,54.0,214.0,90.0,19.0,13.0,0.0,401.0,0.0,832.0,3.0,119.0,78.0
AAA,2013J,368194,F,South West Region,A Level or Equivalent,50-60%,0-35,0,120,Y,Pass,-123.0,NA,19.0,54.0,69.0,49.0,117.0,58.0,177.0,50.0,215.0,41.0,0.0,58.0,0.0,95.0,0.0,193.0,31.0,55.0,5.0
AAA,2013J,368824,M,Wales,HE Qualification,50-60%,35-55,0,120,N,Fail,-60.0,NA,18.0,61.0,53.0,68.0,116.0,68.0,165.0,39.0,215.0,42.0,0.0,88.0,0.0,64.0,0.0,66.0,13.0,50.0,11.0
AAA,2013J,368963,M,Yorkshire Region,Lower Than A Level,0-10%,0-35,0,180,N,Pass,-19.0,NA,20.0,58.0,53.0,59.0,94.0,73.0,164.0,74.0,213.0,68.0,1.0,43.0,2.0,121.0,0.0,408.0,11.0,76.0,15.0
AAA,2013J,376439,M,North Region,HE Qualification,NA,0-35,0,60,N,Distinction,-87.0,NA,19.0,86.0,54.0,77.0,133.0,89.0,166.0,94.0,215.0,89.0,0.0,1037.0,1.0,660.0,0.0,465.0,18.0,112.0,49.0
AAA,2013J,376581,F,South Region,A Level or Equivalent,80-90%,35-55,0,60,N,Pass,-64.0,NA,18.0,86.0,61.0,60.0,116.0,62.0,171.0,68.0,215.0,88.0,16.0,208.0,0.0,483.0,0.0,1322.0,14.0,179.0,111.0
AAA,2013J,380953,M,East Midlands Region,A Level or Equivalent,80-90%,0-35,0,60,N,Pass,-155.0,NA,17.0,73.0,53.0,58.0,115.0,68.0,162.0,75.0,214.0,65.0,0.0,60.0,0.0,282.0,1.0,637.0,13.0,66.0,3.0
AAA,2013J,383254,M,Yorkshire Region,A Level or Equivalent,90-100%,0-35,0,120,N,Pass,-61.0,NA,18.0,74.0,51.0,69.0,116.0,85.0,180.0,69.0,214.0,81.0,0.0,19.0,0.0,147.0,0.0,248.0,4.0,88.0,37.0
AAA,2013J,386924,M,Ireland,Lower Than A Level,NA,0-35,0,120,N,Pass,-192.0,NA,26.0,59.0,53.0,65.0,117.0,80.0,166.0,65.0,216.0,70.0,0.0,9.0,0.0,67.0,0.0,46.0,5.0,28.0,9.0
AAA,2013J,386952,M,Yorkshire Region,A Level or Equivalent,70-80%,0-35,0,120,N,Pass,-38.0,NA,19.0,67.0,57.0,63.0,116.0,71.0,173.0,64.0,215.0,75.0,0.0,66.0,0.0,328.0,0.0,429.0,12.0,71.0,4.0
AAA,2013J,388722,F,London Region,Lower Than A Level,80-90%,35-55,0,60,N,Pass,-179.0,NA,21.0,65.0,53.0,54.0,128.0,70.0,165.0,66.0,214.0,64.0,0.0,224.0,0.0,174.0,0.0,200.0,13.0,52.0,8.0
AAA,2013J,388885,M,South West Region,A Level or Equivalent,90-100%,35-55,0,60,N,Pass,-185.0,NA,19.0,51.0,54.0,75.0,116.0,54.0,158.0,59.0,215.0,64.0,0.0,167.0,0.0,182.0,0.0,445.0,13.0,58.0,10.0
AAA,2013J,390890,M,Scotland,A Level or Equivalent,0-10%,0-35,0,90,N,Withdrawn,-31.0,202.0,19.0,75.0,57.0,80.0,118.0,54.0,NA,NA,NA,NA,3.0,104.0,0.0,161.0,0.0,271.0,17.0,61.0,22.0
AAA,2013J,392756,M,West Midlands Region,A Level or Equivalent,70-80%,0-35,0,120,N,Fail,-58.0,NA,19.0,53.0,54.0,25.0,117.0,55.0,166.0,54.0,215.0,38.0,0.0,51.0,0.0,112.0,0.0,171.0,8.0,20.0,1.0
AAA,2013J,392931,F,North Western Region,A Level or Equivalent,50-60%,35-55,0,120,N,Pass,-54.0,NA,29.0,65.0,54.0,63.0,127.0,75.0,166.0,67.0,216.0,72.0,7.0,1228.0,0.0,692.0,0.0,898.0,24.0,129.0,25.0
AAA,2013J,393207,M,North Western Region,A Level or Equivalent,60-70%,0-35,0,60,N,Pass,-38.0,NA,18.0,68.0,53.0,74.0,116.0,75.0,165.0,80.0,214.0,74.0,0.0,119.0,0.0,179.0,2.0,465.0,10.0,98.0,3.0
AAA,2013J,396872,M,Yorkshire Region,HE Qualification,50-60%,0-35,0,180,N,Pass,-23.0,NA,19.0,63.0,54.0,62.0,125.0,68.0,173.0,54.0,215.0,60.0,3.0,82.0,0.0,281.0,0.0,517.0,19.0,92.0,2.0
AAA,2013J,398552,M,Yorkshire Region,Lower Than A Level,90-100%,0-35,0,240,N,Fail,-57.0,NA,17.0,54.0,54.0,49.0,117.0,47.0,165.0,42.0,215.0,40.0,13.0,61.0,0.0,300.0,0.0,713.0,12.0,81.0,3.0
AAA,2013J,401869,F,South East Region,Lower Than A Level,80-90%,0-35,0,60,N,Pass,-53.0,NA,19.0,55.0,54.0,62.0,125.0,65.0,172.0,68.0,215.0,75.0,0.0,180.0,2.0,240.0,0.0,392.0,19.0,89.0,33.0
AAA,2013J,402470,M,South West Region,Lower Than A Level,50-60%,35-55,0,60,N,Pass,-130.0,NA,16.0,80.0,53.0,74.0,114.0,80.0,164.0,68.0,213.0,61.0,0.0,74.0,1.0,343.0,0.0,887.0,7.0,78.0,55.0
AAA,2013J,404804,M,Wales,Lower Than A Level,20-30%,35-55,0,120,N,Pass,-129.0,NA,18.0,52.0,50.0,45.0,107.0,52.0,161.0,40.0,194.0,30.0,0.0,23.0,0.0,95.0,0.0,260.0,19.0,106.0,6.0
AAA,2013J,405088,M,North Region,A Level or Equivalent,20-30%,0-35,0,120,N,Pass,-67.0,NA,19.0,85.0,54.0,72.0,124.0,71.0,166.0,72.0,214.0,86.0,0.0,316.0,0.0,353.0,0.0,556.0,18.0,104.0,41.0
AAA,2013J,405961,M,Scotland,A Level or Equivalent,90-100%,0-35,0,240,Y,Withdrawn,-170.0,-100.0,NA,NA,NA,NA,NA,NA,NA,NA,NA,NA,NA,NA,NA,NA,NA,NA,NA,NA,NA
AAA,2013J,414117,M,Yorkshire Region,A Level or Equivalent,50-60%,0-35,0,120,N,Pass,-73.0,NA,18.0,81.0,54.0,72.0,124.0,70.0,166.0,82.0,222.0,77.0,0.0,44.0,0.0,220.0,0.0,469.0,14.0,57.0,3.0
AAA,2013J,415969,M,West Midlands Region,HE Qualification,0-10%,35-55,0,90,N,Withdrawn,-60.0,172.0,20.0,67.0,60.0,52.0,124.0,60.0,NA,NA,NA,NA,12.0,297.0,0.0,291.0,4.0,597.0,25.0,99.0,34.0
AAA,2013J,420087,M,Scotland,A Level or Equivalent,40-50%,0-35,0,60,Y,Fail,-15.0,NA,20.0,80.0,55.0,76.0,124.0,72.0,NA,NA,NA,NA,0.0,60.0,1.0,67.0,1.0,161.0,7.0,42.0,3.0
AAA,2013J,429958,F,North Western Region,A Level or Equivalent,70-80%,0-35,0,60,N,Pass,-58.0,NA,19.0,59.0,54.0,56.0,117.0,59.0,166.0,60.0,215.0,58.0,0.0,41.0,0.0,63.0,0.0,270.0,8.0,28.0,1.0
AAA,2013J,441018,F,South East Region,A Level or Equivalent,70-80%,0-35,0,150,N,Pass,-52.0,NA,18.0,54.0,53.0,60.0,116.0,54.0,166.0,65.0,215.0,66.0,0.0,247.0,4.0,108.0,0.0,234.0,12.0,36.0,5.0
AAA,2013J,441888,M,London Region,A Level or Equivalent,20-30%,0-35,0,120,N,Pass,-53.0,NA,20.0,74.0,53.0,64.0,117.0,70.0,166.0,77.0,214.0,68.0,0.0,135.0,0.0,171.0,0.0,348.0,15.0,58.0,12.0
AAA,2013J,442442,M,South West Region,HE Qualification,80-90%,0-35,0,120,N,Withdrawn,-32.0,119.0,19.0,39.0,54.0,42.0,NA,NA,NA,NA,NA,NA,1.0,351.0,0.0,217.0,0.0,356.0,13.0,50.0,21.0
AAA,2013J,444677,M,London Region,HE Qualification,30-40%,0-35,0,60,N,Distinction,-38.0,NA,19.0,91.0,54.0,89.0,117.0,85.0,166.0,89.0,215.0,84.0,12.0,160.0,0.0,289.0,0.0,702.0,2.0,52.0,24.0
AAA,2013J,470588,M,South East Region,HE Qualification,90-100%,35-55,0,60,N,Withdrawn,-43.0,73.0,19.0,86.0,NA,NA,NA,NA,NA,NA,NA,NA,0.0,36.0,0.0,67.0,0.0,260.0,3.0,29.0,5.0
AAA,2013J,489455,F,South West Region,A Level or Equivalent,20-30%,0-35,0,60,N,Pass,-120.0,NA,15.0,74.0,51.0,68.0,113.0,69.0,163.0,74.0,211.0,68.0,0.0,727.0,0.0,710.0,0.0,1004.0,24.0,269.0,98.0
AAA,2013J,494424,F,North Region,A Level or Equivalent,80-90%,0-35,0,60,N,Fail,-38.0,NA,NA,NA,NA,NA,NA,NA,NA,NA,NA,NA,0.0,12.0,0.0,14.0,0.0,22.0,1.0,9.0,0.0
AAA,2013J,495284,M,South East Region,HE Qualification,80-90%,0-35,0,120,N,Pass,-29.0,NA,18.0,73.0,53.0,59.0,116.0,68.0,173.0,76.0,214.0,57.0,5.0,71.0,0.0,200.0,0.0,585.0,4.0,30.0,6.0
AAA,2013J,498857,M,North Western Region,HE Qualification,80-90%,35-55,0,60,N,Pass,-16.0,NA,19.0,77.0,54.0,68.0,117.0,72.0,166.0,75.0,215.0,73.0,14.0,16.0,0.0,240.0,1.0,655.0,4.0,63.0,5.0
AAA,2013J,508818,M,London Region,A Level or Equivalent,40-50%,0-35,0,120,N,Pass,-156.0,NA,19.0,73.0,54.0,78.0,117.0,81.0,166.0,73.0,215.0,54.0,0.0,554.0,0.0,208.0,0.0,318.0,2.0,47.0,0.0
AAA,2013J,512460,M,South East Region,HE Qualification,90-100%,0-35,0,120,N,Pass,-32.0,NA,19.0,59.0,51.0,78.0,113.0,83.0,173.0,75.0,214.0,67.0,0.0,58.0,0.0,106.0,0.0,284.0,8.0,62.0,3.0
AAA,2013J,544103,M,North Western Region,HE Qualification,40-50%,0-35,0,120,N,Pass,-127.0,NA,18.0,82.0,53.0,80.0,117.0,80.0,166.0,81.0,214.0,82.0,0.0,389.0,0.0,610.0,4.0,979.0,16.0,219.0,111.0
AAA,2013J,550383,M,South East Region,HE Qualification,60-70%,0-35,0,60,N,Pass,-51.0,NA,19.0,77.0,54.0,41.0,117.0,76.0,166.0,79.0,220.0,87.0,3.0,87.0,0.0,172.0,3.0,568.0,5.0,69.0,3.0
AAA,2013J,564450,M,West Midlands Region,HE Qualification,80-90%,0-35,0,120,N,Fail,-43.0,NA,18.0,64.0,53.0,53.0,114.0,64.0,165.0,63.0,215.0,52.0,0.0,6.0,0.0,63.0,0.0,104.0,8.0,42.0,1.0
AAA,2013J,568601,F,Scotland,HE Qualification,30-40%,0-35,0,60,N,Withdrawn,-30.0,128.0,19.0,85.0,60.0,78.0,NA,NA,NA,NA,NA,NA,0.0,1.0,0.0,36.0,0.0,419.0,2.0,21.0,9.0
AAA,2013J,572652,M,West Midlands Region,HE Qualification,70-80%,0-35,0,120,N,Pass,-158.0,NA,19.0,71.0,54.0,73.0,146.0,78.0,166.0,68.0,215.0,76.0,5.0,7.0,0.0,113.0,0.0,605.0,10.0,38.0,2.0
AAA,2013J,580389,M,Ireland,HE Qualification,90-100%,0-35,0,120,N,Pass,-22.0,NA,19.0,75.0,54.0,75.0,117.0,72.0,172.0,68.0,215.0,67.0,1.0,326.0,0.0,341.0,0.0,530.0,12.0,60.0,1.0
AAA,2013J,581129,M,East Anglian Region,A Level or Equivalent,30-40%,0-35,0,120,N,Fail,-38.0,NA,NA,NA,54.0,15.0,117.0,65.0,NA,NA,NA,NA,0.0,36.0,0.0,54.0,0.0,77.0,2.0,25.0,0.0
AAA,2013J,588775,M,South West Region,A Level or Equivalent,90-100%,0-35,0,120,N,Pass,-17.0,NA,18.0,85.0,52.0,81.0,116.0,81.0,166.0,86.0,213.0,81.0,12.0,3436.0,2.0,1907.0,1.0,1501.0,51.0,150.0,7.0
AAA,2013J,591774,M,South Region,Post Graduate Qualification,90-100%,35-55,0,60,N,Pass,-46.0,NA,19.0,88.0,54.0,75.0,117.0,80.0,166.0,78.0,215.0,60.0,0.0,216.0,0.0,133.0,0.0,224.0,8.0,21.0,3.0
AAA,2013J,603861,M,North Region,HE Qualification,NA,55<=,0,60,N,Withdrawn,-38.0,241.0,19.0,61.0,59.0,56.0,117.0,58.0,174.0,69.0,222.0,71.0,3.0,7.0,0.0,145.0,0.0,744.0,7.0,44.0,5.0
AAA,2013J,606143,M,Scotland,Post Graduate Qualification,90-100%,35-55,0,60,N,Fail,-43.0,NA,19.0,78.0,54.0,54.0,NA,NA,NA,NA,NA,NA,0.0,65.0,0.0,80.0,0.0,232.0,3.0,23.0,3.0
AAA,2013J,704156,M,South Region,HE Qualification,90-100%,55<=,0,120,N,Pass,-29.0,NA,18.0,67.0,56.0,68.0,117.0,69.0,166.0,56.0,215.0,70.0,2.0,542.0,0.0,449.0,0.0,1745.0,33.0,181.0,112.0
AAA,2013J,705379,M,West Midlands Region,A Level or Equivalent,60-70%,55<=,0,120,N,Distinction,-57.0,NA,19.0,81.0,53.0,83.0,115.0,82.0,167.0,78.0,213.0,80.0,36.0,1637.0,6.0,1300.0,0.0,2138.0,59.0,360.0,144.0
AAA,2013J,721259,F,South Region,Lower Than A Level,50-60%,55<=,0,120,N,Withdrawn,-73.0,23.0,22.0,NA,NA,NA,NA,NA,NA,NA,NA,NA,1.0,702.0,16.0,120.0,3.0,257.0,20.0,70.0,39.0
AAA,2013J,749412,M,South Region,Lower Than A Level,70-80%,55<=,0,60,N,Pass,-138.0,NA,16.0,83.0,51.0,61.0,112.0,73.0,150.0,78.0,212.0,65.0,7.0,2096.0,1.0,1148.0,0.0,455.0,15.0,208.0,77.0
AAA,2013J,760729,M,West Midlands Region,A Level or Equivalent,60-70%,55<=,0,60,N,Distinction,-67.0,NA,18.0,80.0,52.0,80.0,115.0,81.0,163.0,82.0,213.0,83.0,12.0,2624.0,4.0,1957.0,0.0,1959.0,40.0,482.0,210.0
AAA,2013J,905042,F,East Anglian Region,A Level or Equivalent,90-100%,35-55,0,60,N,Pass,-91.0,NA,17.0,64.0,53.0,73.0,116.0,85.0,165.0,80.0,219.0,80.0,4.0,341.0,8.0,714.0,1.0,1510.0,25.0,260.0,141.0
AAA,2013J,949618,F,South West Region,A Level or Equivalent,50-60%,35-55,0,60,N,Pass,-59.0,NA,18.0,63.0,53.0,63.0,116.0,63.0,164.0,72.0,214.0,48.0,0.0,856.0,0.0,264.0,0.0,135.0,11.0,63.0,28.0
AAA,2013J,958987,M,North Western Region,HE Qualification,40-50%,35-55,0,60,N,Pass,-67.0,NA,18.0,78.0,54.0,78.0,116.0,75.0,169.0,77.0,214.0,78.0,0.0,20.0,0.0,326.0,0.0,693.0,16.0,118.0,43.0
AAA,2013J,968578,F,East Anglian Region,A Level or Equivalent,40-50%,35-55,0,60,N,Pass,-170.0,NA,27.0,62.0,54.0,77.0,120.0,73.0,174.0,72.0,215.0,76.0,3.0,99.0,0.0,156.0,1.0,569.0,6.0,33.0,3.0
AAA,2013J,969076,M,South West Region,A Level or Equivalent,80-90%,35-55,0,180,N,Withdrawn,-42.0,173.0,18.0,82.0,53.0,62.0,117.0,59.0,166.0,36.0,NA,NA,0.0,1107.0,0.0,450.0,1.0,380.0,7.0,34.0,1.0
AAA,2013J,971027,F,West Midlands Region,HE Qualification,90-100%,35-55,0,60,N,Pass,-62.0,NA,19.0,76.0,53.0,68.0,116.0,73.0,164.0,55.0,214.0,68.0,14.0,483.0,0.0,592.0,1.0,1697.0,29.0,186.0,96.0
AAA,2013J,978739,M,South Region,HE Qualification,90-100%,35-55,0,60,N,Pass,-108.0,NA,18.0,59.0,54.0,58.0,117.0,50.0,170.0,58.0,215.0,58.0,8.0,2734.0,21.0,1150.0,4.0,1539.0,126.0,280.0,126.0
AAA,2013J,1035023,F,London Region,Lower Than A Level,30-40%,35-55,0,60,N,Pass,-87.0,NA,19.0,73.0,54.0,65.0,116.0,72.0,165.0,68.0,215.0,72.0,20.0,131.0,0.0,404.0,0.0,1268.0,20.0,51.0,2.0
AAA,2013J,1105478,M,Scotland,HE Qualification,80-90%,55<=,0,60,N,Pass,-144.0,NA,19.0,90.0,54.0,85.0,120.0,80.0,166.0,82.0,216.0,76.0,0.0,286.0,0.0,409.0,6.0,758.0,23.0,183.0,30.0
AAA,2013J,1352868,M,Yorkshire Region,A Level or Equivalent,20-30%,35-55,0,60,N,Withdrawn,-63.0,203.0,19.0,66.0,64.0,65.0,NA,NA,NA,NA,NA,NA,0.0,75.0,0.0,114.0,0.0,398.0,1.0,49.0,4.0
AAA,2013J,1401935,M,West Midlands Region,A Level or Equivalent,70-80%,35-55,0,60,N,Fail,-35.0,NA,26.0,45.0,61.0,25.0,NA,NA,NA,NA,NA,NA,0.0,108.0,0.0,49.0,0.0,65.0,3.0,15.0,0.0
AAA,2013J,1402638,F,East Midlands Region,HE Qualification,30-40%,35-55,0,60,N,Pass,-195.0,NA,21.0,77.0,70.0,68.0,120.0,76.0,171.0,80.0,216.0,75.0,0.0,147.0,4.0,221.0,0.0,478.0,14.0,40.0,6.0
AAA,2013J,1414443,F,Yorkshire Region,A Level or Equivalent,10-20,35-55,0,120,N,Fail,-169.0,NA,50.0,58.0,106.0,60.0,NA,NA,NA,NA,NA,NA,9.0,264.0,7.0,406.0,1.0,997.0,26.0,109.0,88.0
AAA,2013J,1456619,M,South West Region,A Level or Equivalent,90-100%,35-55,0,60,N,Withdrawn,-87.0,27.0,NA,NA,NA,NA,NA,NA,NA,NA,NA,NA,0.0,199.0,0.0,86.0,3.0,129.0,11.0,34.0,5.0
AAA,2013J,1465690,M,West Midlands Region,HE Qualification,40-50%,35-55,0,120,N,Pass,-38.0,NA,19.0,85.0,54.0,76.0,116.0,85.0,164.0,87.0,215.0,76.0,28.0,1184.0,1.0,832.0,1.0,1174.0,33.0,123.0,84.0
AAA,2013J,1472925,F,East Anglian Region,Lower Than A Level,40-50%,35-55,0,60,Y,Fail,20.0,NA,30.0,61.0,53.0,54.0,124.0,64.0,166.0,62.0,213.0,67.0,2.0,224.0,3.0,243.0,0.0,380.0,8.0,59.0,20.0
AAA,2013J,1488959,M,London Region,A Level or Equivalent,70-80%,35-55,0,60,N,Pass,-30.0,NA,20.0,67.0,57.0,64.0,117.0,63.0,167.0,64.0,217.0,51.0,7.0,835.0,0.0,568.0,2.0,1869.0,14.0,134.0,64.0
AAA,2013J,1518989,F,South East Region,Lower Than A Level,80-90%,35-55,0,60,N,Pass,-102.0,NA,19.0,78.0,54.0,77.0,117.0,70.0,170.0,70.0,215.0,70.0,12.0,2340.0,0.0,607.0,1.0,1020.0,13.0,125.0,84.0
AAA,2013J,1618738,M,London Region,Lower Than A Level,90-100%,35-55,0,60,N,Pass,-95.0,NA,19.0,84.0,54.0,83.0,115.0,81.0,164.0,83.0,212.0,67.0,0.0,118.0,1.0,92.0,0.0,440.0,17.0,54.0,1.0
AAA,2013J,1620151,M,South Region,HE Qualification,90-100%,35-55,0,60,N,Fail,-95.0,NA,19.0,85.0,NA,NA,121.0,70.0,NA,NA,NA,NA,2.0,131.0,8.0,203.0,12.0,571.0,11.0,57.0,3.0
AAA,2013J,1626710,M,North Western Region,A Level or Equivalent,60-70%,35-55,0,60,N,Distinction,-195.0,NA,17.0,82.0,53.0,85.0,115.0,86.0,158.0,85.0,214.0,85.0,23.0,2774.0,2.0,1078.0,0.0,1615.0,91.0,283.0,159.0
AAA,2013J,1640609,M,West Midlands Region,A Level or Equivalent,30-40%,35-55,0,60,N,Pass,-191.0,NA,16.0,83.0,53.0,86.0,116.0,85.0,165.0,85.0,212.0,86.0,8.0,2630.0,3.0,1093.0,0.0,1109.0,12.0,135.0,71.0
AAA,2013J,1686521,F,North Western Region,Lower Than A Level,50-60%,35-55,0,60,N,Withdrawn,-124.0,37.0,17.0,68.0,NA,NA,NA,NA,NA,NA,NA,NA,0.0,83.0,0.0,178.0,0.0,246.0,13.0,83.0,40.0
AAA,2013J,1729319,F,Scotland,HE Qualification,40-50%,35-55,0,60,N,Pass,-106.0,NA,19.0,80.0,54.0,78.0,117.0,78.0,166.0,82.0,215.0,73.0,4.0,728.0,0.0,611.0,0.0,1054.0,55.0,190.0,114.0
AAA,2013J,1746134,M,East Anglian Region,A Level or Equivalent,60-70%,35-55,0,60,N,Pass,-30.0,NA,18.0,83.0,53.0,87.0,106.0,81.0,156.0,83.0,214.0,85.0,0.0,258.0,7.0,220.0,0.0,1005.0,48.0,191.0,30.0
AAA,2013J,1758449,M,South Region,Lower Than A Level,30-40%,35-55,0,75,N,Withdrawn,-198.0,103.0,18.0,65.0,54.0,57.0,NA,NA,NA,NA,NA,NA,1.0,1292.0,0.0,422.0,1.0,870.0,32.0,92.0,46.0
AAA,2013J,1763015,F,Scotland,A Level or Equivalent,10-20,35-55,0,60,N,Withdrawn,-58.0,-2.0,NA,NA,NA,NA,NA,NA,NA,NA,NA,NA,1.0,81.0,0.0,74.0,0.0,210.0,4.0,41.0,9.0
AAA,2013J,1765788,M,South East Region,HE Qualification,70-80%,55<=,0,60,N,Pass,-43.0,NA,19.0,57.0,59.0,63.0,117.0,67.0,170.0,74.0,218.0,70.0,2.0,1853.0,1.0,1220.0,0.0,3745.0,79.0,131.0,26.0
AAA,2013J,1801229,M,Ireland,HE Qualification,NA,35-55,0,60,N,Pass,-106.0,NA,19.0,79.0,61.0,76.0,117.0,73.0,169.0,78.0,215.0,78.0,6.0,355.0,0.0,231.0,0.0,744.0,12.0,61.0,34.0
AAA,2013J,1801641,M,Scotland,A Level or Equivalent,30-40%,35-55,0,60,N,Pass,-32.0,NA,18.0,72.0,53.0,74.0,116.0,80.0,165.0,85.0,214.0,76.0,0.0,22.0,0.0,86.0,0.0,291.0,11.0,44.0,5.0
AAA,2013J,1847830,M,South West Region,Lower Than A Level,40-50%,35-55,0,60,N,Pass,-164.0,NA,18.0,83.0,53.0,60.0,116.0,75.0,165.0,73.0,214.0,64.0,0.0,3591.0,0.0,1475.0,1.0,1155.0,26.0,210.0,60.0
AAA,2013J,1860318,M,South West Region,Lower Than A Level,40-50%,35-55,0,300,Y,Pass,-53.0,NA,19.0,57.0,54.0,72.0,117.0,62.0,166.0,63.0,215.0,59.0,11.0,3333.0,0.0,1403.0,3.0,1099.0,17.0,105.0,4.0
AAA,2013J,1889511,M,Yorkshire Region,A Level or Equivalent,50-60%,35-55,0,60,N,Pass,-42.0,NA,22.0,72.0,54.0,69.0,124.0,77.0,166.0,78.0,215.0,64.0,5.0,662.0,0.0,383.0,0.0,591.0,25.0,79.0,9.0
AAA,2013J,1889577,F,South Region,A Level or Equivalent,70-80%,35-55,0,60,Y,Pass,-81.0,NA,19.0,72.0,58.0,69.0,117.0,84.0,166.0,75.0,215.0,68.0,0.0,69.0,0.0,226.0,1.0,492.0,9.0,89.0,45.0
AAA,2013J,1894188,F,East Midlands Region,A Level or Equivalent,80-90%,0-35,0,60,N,Pass,-57.0,NA,14.0,76.0,51.0,67.0,111.0,70.0,163.0,70.0,209.0,69.0,11.0,154.0,4.0,426.0,0.0,3562.0,15.0,104.0,18.0
AAA,2013J,1938355,M,South Region,A Level or Equivalent,90-100%,35-55,0,60,N,Pass,-102.0,NA,10.0,82.0,48.0,50.0,110.0,85.0,161.0,84.0,209.0,64.0,8.0,542.0,0.0,481.0,0.0,830.0,10.0,87.0,34.0
AAA,2013J,1942396,F,East Anglian Region,Lower Than A Level,40-50%,35-55,0,120,Y,Pass,-29.0,NA,19.0,50.0,62.0,50.0,117.0,40.0,168.0,65.0,215.0,63.0,0.0,77.0,0.0,142.0,0.0,192.0,6.0,43.0,10.0
AAA,2013J,1970390,M,West Midlands Region,Lower Than A Level,0-10%,35-55,0,60,N,Withdrawn,-108.0,240.0,21.0,78.0,64.0,90.0,122.0,90.0,171.0,80.0,217.0,80.0,13.0,4908.0,5.0,3638.0,1.0,1744.0,63.0,471.0,296.0
AAA,2013J,1976139,M,Ireland,Lower Than A Level,50-60%,35-55,0,120,N,Pass,-195.0,NA,17.0,75.0,53.0,76.0,116.0,78.0,NA,NA,214.0,40.0,9.0,13.0,0.0,245.0,0.0,834.0,16.0,88.0,11.0
AAA,2013J,2011876,F,East Anglian Region,A Level or Equivalent,90-100%,0-35,0,60,Y,Pass,-32.0,NA,19.0,79.0,54.0,71.0,117.0,78.0,166.0,77.0,215.0,75.0,16.0,91.0,1.0,312.0,1.0,719.0,12.0,169.0,80.0
AAA,2013J,2012966,M,North Western Region,Lower Than A Level,30-40%,35-55,0,60,N,Pass,-102.0,NA,19.0,75.0,53.0,76.0,116.0,78.0,165.0,81.0,214.0,82.0,0.0,88.0,0.0,133.0,0.0,231.0,15.0,47.0,5.0
AAA,2013J,2051699,F,South West Region,Lower Than A Level,70-80%,35-55,0,60,N,Pass,-137.0,NA,19.0,62.0,55.0,71.0,117.0,64.0,178.0,67.0,215.0,69.0,2.0,174.0,0.0,416.0,1.0,871.0,55.0,195.0,20.0
AAA,2013J,2062879,F,East Anglian Region,A Level or Equivalent,60-70%,0-35,0,60,N,Fail,-74.0,NA,18.0,56.0,54.0,55.0,116.0,65.0,165.0,65.0,215.0,65.0,17.0,664.0,0.0,443.0,0.0,1032.0,14.0,139.0,77.0
AAA,2013J,2065691,M,London Region,A Level or Equivalent,30-40%,35-55,0,330,Y,Withdrawn,-16.0,138.0,36.0,30.0,48.0,40.0,85.0,37.0,NA,NA,NA,NA,0.0,6.0,1.0,447.0,0.0,744.0,2.0,153.0,77.0
AAA,2013J,2073016,F,London Region,Lower Than A Level,30-40%,35-55,0,60,N,Withdrawn,-65.0,173.0,23.0,60.0,54.0,53.0,139.0,68.0,NA,NA,NA,NA,0.0,120.0,0.0,181.0,3.0,369.0,16.0,99.0,61.0
AAA,2013J,2080474,F,South Region,A Level or Equivalent,90-100%,35-55,0,60,N,Pass,-123.0,NA,19.0,88.0,54.0,64.0,116.0,72.0,173.0,60.0,214.0,64.0,11.0,342.0,0.0,215.0,0.0,466.0,9.0,74.0,29.0
AAA,2013J,2083877,F,West Midlands Region,A Level or Equivalent,0-10%,0-35,0,120,N,Pass,-45.0,NA,19.0,72.0,61.0,64.0,123.0,68.0,166.0,60.0,215.0,75.0,0.0,37.0,0.0,210.0,0.0,300.0,9.0,90.0,39.0
AAA,2013J,2084066,F,South West Region,Lower Than A Level,50-60%,35-55,0,60,N,Fail,-148.0,NA,21.0,65.0,62.0,60.0,130.0,62.0,181.0,52.0,NA,NA,0.0,479.0,0.0,299.0,2.0,1036.0,22.0,101.0,28.0
AAA,2013J,2104505,M,West Midlands Region,Lower Than A Level,0-10%,35-55,0,60,N,Pass,-65.0,NA,18.0,80.0,54.0,69.0,117.0,49.0,165.0,65.0,215.0,65.0,0.0,79.0,0.0,140.0,0.0,393.0,9.0,55.0,25.0
AAA,2013J,2122180,F,North Western Region,Lower Than A Level,80-90%,35-55,0,60,N,Distinction,-35.0,NA,23.0,86.0,61.0,80.0,117.0,82.0,174.0,79.0,215.0,85.0,15.0,1362.0,5.0,859.0,6.0,2231.0,35.0,150.0,49.0
AAA,2013J,2139353,M,London Region,A Level or Equivalent,50-60%,35-55,0,120,N,Withdrawn,-59.0,163.0,23.0,65.0,59.0,62.0,121.0,71.0,NA,NA,NA,NA,7.0,65.0,0.0,150.0,0.0,640.0,17.0,249.0,134.0
AAA,2013J,2143752,F,South Region,Lower Than A Level,70-80%,35-55,0,60,N,Pass,-46.0,NA,19.0,50.0,53.0,56.0,116.0,52.0,165.0,52.0,212.0,53.0,0.0,44.0,0.0,386.0,1.0,1103.0,26.0,204.0,124.0
AAA,2013J,2146792,M,North Western Region,HE Qualification,20-30%,55<=,0,60,N,Pass,-59.0,NA,19.0,68.0,54.0,60.0,117.0,78.0,166.0,76.0,215.0,68.0,31.0,298.0,0.0,461.0,0.0,1448.0,18.0,119.0,10.0
AAA,2013J,2149225,M,Scotland,A Level or Equivalent,70-80%,35-55,0,60,Y,Withdrawn,-36.0,10.0,NA,NA,NA,NA,NA,NA,NA,NA,NA,NA,0.0,123.0,1.0,42.0,0.0,106.0,20.0,25.0,2.0
AAA,2013J,2153153,F,Yorkshire Region,A Level or Equivalent,40-50%,0-35,0,60,N,Pass,-49.0,NA,18.0,61.0,53.0,67.0,116.0,71.0,165.0,55.0,215.0,57.0,9.0,1001.0,0.0,559.0,2.0,1671.0,12.0,106.0,25.0
AAA,2013J,2155014,F,West Midlands Region,Lower Than A Level,80-90%,0-35,0,60,Y,Pass,-32.0,NA,22.0,76.0,62.0,64.0,114.0,73.0,180.0,79.0,215.0,77.0,0.0,371.0,1.0,170.0,4.0,810.0,6.0,58.0,34.0
AAA,2013J,2164705,F,North Western Region,A Level or Equivalent,40-50%,0-35,0,120,N,Fail,-43.0,NA,18.0,70.0,NA,NA,NA,NA,NA,NA,NA,NA,0.0,53.0,0.0,26.0,0.0,119.0,2.0,27.0,4.0
AAA,2013J,2171627,F,Yorkshire Region,A Level or Equivalent,30-40%,35-55,0,60,N,Pass,-50.0,NA,15.0,71.0,50.0,67.0,113.0,72.0,171.0,70.0,211.0,65.0,13.0,412.0,0.0,218.0,2.0,630.0,16.0,50.0,5.0
AAA,2013J,2182846,F,London Region,A Level or Equivalent,70-80%,35-55,0,60,N,Pass,-113.0,NA,18.0,65.0,51.0,63.0,114.0,64.0,165.0,70.0,213.0,68.0,11.0,2202.0,0.0,586.0,0.0,1229.0,23.0,121.0,42.0
AAA,2013J,2194100,F,East Anglian Region,A Level or Equivalent,50-60%,35-55,0,60,N,Pass,-108.0,NA,17.0,64.0,52.0,61.0,116.0,66.0,166.0,80.0,214.0,65.0,0.0,354.0,0.0,308.0,0.0,505.0,13.0,177.0,44.0
AAA,2013J,2197016,F,North Western Region,HE Qualification,30-40%,35-55,0,60,N,Pass,-35.0,NA,9.0,75.0,51.0,75.0,114.0,76.0,163.0,76.0,214.0,76.0,3.0,290.0,0.0,264.0,0.0,746.0,8.0,93.0,51.0
AAA,2013J,2208424,M,Scotland,A Level or Equivalent,20-30%,0-35,0,60,N,Pass,-66.0,NA,16.0,73.0,53.0,57.0,116.0,81.0,165.0,85.0,214.0,60.0,1.0,283.0,1.0,254.0,1.0,398.0,22.0,86.0,34.0
AAA,2013J,2229865,F,West Midlands Region,A Level or Equivalent,10-20,35-55,0,60,N,Pass,-116.0,NA,18.0,73.0,53.0,76.0,116.0,75.0,166.0,78.0,215.0,80.0,41.0,1019.0,0.0,655.0,1.0,920.0,50.0,330.0,220.0
AAA,2013J,2255601,F,South Region,A Level or Equivalent,80-90%,35-55,0,120,N,Withdrawn,-28.0,175.0,19.0,71.0,58.0,38.0,NA,NA,NA,NA,NA,NA,5.0,577.0,2.0,389.0,1.0,1449.0,16.0,84.0,20.0
AAA,2013J,2268379,F,East Midlands Region,A Level or Equivalent,20-30%,0-35,0,60,N,Pass,-74.0,NA,19.0,80.0,61.0,79.0,117.0,83.0,172.0,87.0,215.0,86.0,20.0,563.0,0.0,335.0,1.0,581.0,25.0,117.0,43.0
AAA,2013J,2278464,M,South Region,Lower Than A Level,30-40%,35-55,0,60,N,Pass,-129.0,NA,18.0,60.0,68.0,50.0,116.0,58.0,172.0,54.0,215.0,35.0,0.0,14.0,0.0,83.0,0.0,174.0,9.0,24.0,3.0
AAA,2013J,2293923,M,South Region,A Level or Equivalent,90-100%,0-35,0,150,N,Pass,-85.0,NA,19.0,72.0,54.0,59.0,123.0,52.0,169.0,58.0,211.0,65.0,1.0,15.0,0.0,60.0,0.0,186.0,10.0,28.0,3.0
AAA,2013J,2312620,F,East Midlands Region,HE Qualification,20-30%,35-55,0,60,N,Withdrawn,-45.0,178.0,26.0,11.0,54.0,51.0,120.0,34.0,NA,NA,NA,NA,1.0,204.0,2.0,169.0,1.0,623.0,30.0,70.0,29.0
AAA,2013J,2318055,M,Wales,A Level or Equivalent,90-100%,35-55,0,60,N,Withdrawn,-56.0,-19.0,NA,NA,NA,NA,NA,NA,NA,NA,NA,NA,NA,NA,NA,NA,NA,NA,NA,NA,NA
AAA,2013J,2324976,F,Scotland,HE Qualification,90-100%,35-55,0,60,N,Withdrawn,-101.0,-50.0,NA,NA,NA,NA,NA,NA,NA,NA,NA,NA,NA,NA,NA,NA,NA,NA,NA,NA,NA
AAA,2013J,2329342,F,East Anglian Region,Lower Than A Level,40-50%,35-55,0,120,N,Pass,-56.0,NA,19.0,56.0,69.0,54.0,124.0,60.0,166.0,44.0,215.0,72.0,0.0,43.0,0.0,133.0,1.0,241.0,9.0,92.0,46.0
AAA,2013J,2339528,F,London Region,Lower Than A Level,40-50%,0-35,0,60,N,Distinction,-57.0,NA,25.0,76.0,54.0,74.0,117.0,84.0,172.0,85.0,214.0,81.0,0.0,121.0,0.0,86.0,0.0,271.0,11.0,78.0,26.0
AAA,2013J,2342426,M,Yorkshire Region,Lower Than A Level,20-30%,35-55,0,60,N,Fail,-38.0,NA,24.0,70.0,54.0,67.0,117.0,71.0,173.0,78.0,215.0,80.0,22.0,221.0,0.0,511.0,0.0,823.0,16.0,128.0,93.0
AAA,2013J,2344901,F,Yorkshire Region,A Level or Equivalent,60-70%,0-35,0,60,N,Fail,-24.0,NA,19.0,67.0,54.0,45.0,130.0,35.0,166.0,59.0,NA,NA,0.0,1.0,0.0,86.0,0.0,261.0,4.0,77.0,16.0
AAA,2013J,2358056,F,North Region,HE Qualification,NA,0-35,0,60,N,Fail,-102.0,NA,19.0,56.0,54.0,60.0,117.0,79.0,165.0,68.0,216.0,76.0,8.0,140.0,1.0,329.0,0.0,811.0,79.0,196.0,24.0
AAA,2013J,2358969,F,East Anglian Region,A Level or Equivalent,70-80%,0-35,0,180,N,Withdrawn,-53.0,58.0,19.0,68.0,NA,NA,NA,NA,NA,NA,NA,NA,1.0,28.0,0.0,95.0,1.0,198.0,10.0,37.0,3.0
AAA,2013J,2364471,F,Scotland,HE Qualification,90-100%,0-35,0,60,Y,Pass,-80.0,NA,25.0,90.0,62.0,85.0,118.0,85.0,167.0,85.0,220.0,72.0,8.0,3656.0,1.0,1373.0,2.0,1640.0,56.0,338.0,108.0
AAA,2013J,2365101,M,South East Region,HE Qualification,20-30%,0-35,0,300,N,Withdrawn,-129.0,-80.0,NA,NA,NA,NA,NA,NA,NA,NA,NA,NA,NA,NA,NA,NA,NA,NA,NA,NA,NA
AAA,2013J,2367155,F,East Anglian Region,A Level or Equivalent,80-90%,0-35,0,120,N,Pass,-22.0,NA,19.0,63.0,58.0,85.0,117.0,80.0,166.0,86.0,211.0,64.0,6.0,54.0,0.0,429.0,0.0,1361.0,28.0,164.0,106.0
AAA,2013J,2369266,F,London Region,Lower Than A Level,70-80%,35-55,0,60,N,Pass,-94.0,NA,19.0,50.0,53.0,50.0,116.0,40.0,170.0,57.0,216.0,56.0,0.0,860.0,0.0,248.0,0.0,791.0,5.0,164.0,78.0
AAA,2013J,2376496,F,East Midlands Region,A Level or Equivalent,20-30%,0-35,0,120,N,Pass,-185.0,NA,19.0,64.0,54.0,72.0,116.0,70.0,166.0,76.0,215.0,85.0,10.0,144.0,1.0,206.0,1.0,291.0,39.0,43.0,14.0
AAA,2013J,2391984,M,South Region,A Level or Equivalent,90-100%,0-35,0,60,N,Withdrawn,-101.0,242.0,20.0,75.0,57.0,74.0,118.0,75.0,167.0,68.0,NA,NA,0.0,286.0,0.0,124.0,0.0,339.0,4.0,48.0,17.0
AAA,2013J,2411661,F,South Region,A Level or Equivalent,80-90%,0-35,0,120,N,Fail,-17.0,NA,18.0,55.0,53.0,57.0,122.0,40.0,168.0,42.0,215.0,40.0,4.0,153.0,0.0,96.0,3.0,248.0,6.0,47.0,17.0
AAA,2013J,2411778,M,Scotland,HE Qualification,20-30%,0-35,0,120,N,Withdrawn,-35.0,220.0,14.0,77.0,52.0,83.0,NA,NA,NA,NA,NA,NA,0.0,162.0,0.0,146.0,0.0,1142.0,6.0,40.0,1.0
AAA,2013J,2412002,M,South West Region,Lower Than A Level,50-60%,35-55,0,90,N,Distinction,-38.0,NA,20.0,86.0,67.0,72.0,135.0,81.0,171.0,86.0,215.0,89.0,46.0,544.0,13.0,729.0,3.0,1755.0,30.0,176.0,48.0
AAA,2013J,2412967,F,South Region,A Level or Equivalent,80-90%,35-55,0,60,N,Pass,-73.0,NA,19.0,80.0,54.0,77.0,117.0,80.0,171.0,72.0,215.0,79.0,14.0,220.0,0.0,457.0,0.0,1299.0,9.0,283.0,176.0
AAA,2013J,2429854,M,London Region,A Level or Equivalent,10-20,35-55,0,120,Y,Withdrawn,-52.0,114.0,24.0,51.0,NA,NA,NA,NA,NA,NA,NA,NA,0.0,77.0,0.0,118.0,0.0,361.0,5.0,77.0,17.0
AAA,2013J,2437837,F,North Region,A Level or Equivalent,30-40%,0-35,0,60,N,Pass,-53.0,NA,17.0,67.0,53.0,77.0,116.0,69.0,165.0,87.0,214.0,72.0,28.0,599.0,0.0,457.0,0.0,1317.0,13.0,194.0,76.0
AAA,2013J,2449878,F,East Midlands Region,A Level or Equivalent,30-40%,0-35,0,60,N,Pass,-32.0,NA,22.0,66.0,58.0,60.0,122.0,57.0,181.0,55.0,215.0,65.0,0.0,131.0,1.0,122.0,0.0,239.0,74.0,50.0,5.0
AAA,2013J,2456480,M,Scotland,Lower Than A Level,80-90%,35-55,0,120,N,Fail,-71.0,NA,23.0,40.0,54.0,34.0,123.0,0.0,NA,NA,NA,NA,0.0,5.0,0.0,53.0,0.0,80.0,3.0,37.0,5.0
AAA,2013J,2457256,M,South Region,Lower Than A Level,80-90%,35-55,0,180,N,Pass,-50.0,NA,19.0,60.0,59.0,60.0,118.0,85.0,168.0,80.0,215.0,65.0,0.0,117.0,0.0,269.0,0.0,1077.0,17.0,91.0,40.0
AAA,2013J,2458355,M,London Region,Lower Than A Level,80-90%,35-55,0,60,N,Pass,-81.0,NA,19.0,88.0,54.0,86.0,117.0,95.0,166.0,92.0,215.0,92.0,5.0,299.0,0.0,1223.0,0.0,1690.0,13.0,551.0,406.0
AAA,2013J,2460080,M,Scotland,HE Qualification,90-100%,55<=,0,60,N,Pass,-52.0,NA,18.0,85.0,62.0,86.0,117.0,77.0,175.0,78.0,214.0,68.0,29.0,467.0,0.0,539.0,1.0,2302.0,14.0,67.0,5.0
AAA,2013J,2461190,M,South Region,HE Qualification,70-80%,55<=,0,60,N,Fail,-11.0,NA,19.0,62.0,56.0,50.0,NA,NA,NA,NA,NA,NA,0.0,174.0,0.0,152.0,1.0,507.0,11.0,79.0,43.0
AAA,2013J,2469673,F,Yorkshire Region,Lower Than A Level,20-30%,35-55,0,60,N,Fail,-22.0,NA,NA,NA,53.0,51.0,116.0,52.0,187.0,30.0,214.0,45.0,0.0,136.0,0.0,118.0,1.0,173.0,8.0,78.0,9.0
AAA,2013J,2470694,F,Scotland,HE Qualification,50-60%,55<=,0,60,N,Withdrawn,-106.0,219.0,NA,NA,55.0,67.0,NA,NA,NA,NA,NA,NA,1.0,987.0,4.0,543.0,0.0,497.0,48.0,90.0,6.0
AAA,2013J,2479954,M,North Western Region,A Level or Equivalent,40-50%,0-35,0,60,N,Pass,-46.0,NA,19.0,77.0,58.0,83.0,117.0,82.0,177.0,78.0,215.0,78.0,0.0,23.0,0.0,73.0,0.0,190.0,5.0,29.0,3.0
AAA,2013J,2481901,M,Wales,Lower Than A Level,80-90%,35-55,0,60,N,Pass,-195.0,NA,17.0,82.0,53.0,72.0,116.0,83.0,164.0,70.0,214.0,72.0,2.0,829.0,0.0,463.0,0.0,608.0,5.0,41.0,1.0
AAA,2013J,2482700,M,South Region,Lower Than A Level,90-100%,0-35,0,120,N,Pass,-59.0,NA,17.0,63.0,57.0,50.0,117.0,52.0,165.0,48.0,214.0,65.0,5.0,523.0,0.0,311.0,2.0,724.0,10.0,40.0,1.0
AAA,2013J,2486127,F,East Anglian Region,HE Qualification,90-100%,0-35,0,120,N,Pass,-144.0,NA,18.0,70.0,52.0,67.0,106.0,76.0,163.0,77.0,219.0,78.0,0.0,577.0,0.0,548.0,0.0,461.0,17.0,86.0,1.0
AAA,2013J,2498700,F,North Western Region,Lower Than A Level,40-50%,0-35,0,240,N,Pass,-43.0,NA,22.0,74.0,54.0,76.0,117.0,77.0,173.0,78.0,219.0,81.0,14.0,507.0,0.0,505.0,0.0,1506.0,53.0,228.0,51.0
AAA,2013J,2516503,M,South East Region,HE Qualification,40-50%,35-55,0,60,N,Pass,-65.0,NA,18.0,82.0,54.0,75.0,117.0,82.0,165.0,78.0,215.0,80.0,7.0,1022.0,0.0,906.0,0.0,941.0,13.0,110.0,71.0
AAA,2013J,2518069,M,East Midlands Region,A Level or Equivalent,90-100%,0-35,0,60,N,Pass,-105.0,NA,17.0,74.0,52.0,75.0,118.0,80.0,165.0,79.0,203.0,75.0,5.0,607.0,0.0,300.0,0.0,632.0,12.0,53.0,8.0
AAA,2013J,2521459,F,London Region,Lower Than A Level,10-20,0-35,0,60,N,Pass,-158.0,NA,19.0,63.0,62.0,50.0,117.0,54.0,180.0,67.0,215.0,70.0,4.0,457.0,0.0,236.0,0.0,248.0,12.0,83.0,38.0
AAA,2013J,2523736,M,North Western Region,A Level or Equivalent,20-30%,55<=,0,120,N,Pass,-46.0,NA,26.0,58.0,63.0,64.0,127.0,62.0,177.0,63.0,NA,NA,0.0,52.0,0.0,174.0,1.0,210.0,9.0,24.0,0.0
AAA,2013J,2529279,F,North Western Region,HE Qualification,60-70%,35-55,0,60,N,Pass,-67.0,NA,15.0,71.0,49.0,80.0,116.0,75.0,169.0,85.0,212.0,79.0,0.0,273.0,0.0,288.0,0.0,469.0,15.0,86.0,58.0
AAA,2013J,2532302,F,East Anglian Region,A Level or Equivalent,80-90%,0-35,0,60,N,Pass,-65.0,NA,18.0,69.0,47.0,72.0,78.0,64.0,163.0,71.0,212.0,40.0,0.0,147.0,0.0,219.0,0.0,723.0,21.0,86.0,20.0
AAA,2013J,2536991,M,South Region,HE Qualification,90-100%,55<=,0,60,N,Distinction,-87.0,NA,19.0,72.0,54.0,72.0,120.0,80.0,170.0,82.0,215.0,98.0,2.0,273.0,0.0,264.0,0.0,363.0,9.0,105.0,64.0
AAA,2013J,2542724,F,West Midlands Region,Lower Than A Level,40-50%,0-35,0,60,N,Withdrawn,-59.0,13.0,NA,NA,NA,NA,NA,NA,NA,NA,NA,NA,0.0,74.0,0.0,50.0,1.0,72.0,7.0,21.0,3.0
AAA,2013J,2550279,F,North Region,HE Qualification,NA,35-55,0,60,N,Pass,-153.0,NA,19.0,62.0,54.0,59.0,124.0,62.0,167.0,66.0,221.0,64.0,36.0,394.0,0.0,654.0,0.0,1149.0,45.0,290.0,241.0
AAA,2013J,2551220,F,South Region,Lower Than A Level,90-100%,0-35,0,60,N,Pass,-94.0,NA,19.0,77.0,62.0,54.0,117.0,67.0,173.0,63.0,215.0,63.0,4.0,89.0,0.0,249.0,1.0,853.0,9.0,83.0,39.0
AAA,2013J,2552472,F,South Region,HE Qualification,80-90%,35-55,0,120,N,Withdrawn,-38.0,199.0,33.0,62.0,75.0,45.0,NA,NA,NA,NA,NA,NA,0.0,115.0,0.0,82.0,0.0,270.0,6.0,38.0,8.0
AAA,2013J,2555340,F,South Region,HE Qualification,90-100%,35-55,0,60,N,Pass,-67.0,NA,18.0,94.0,52.0,75.0,116.0,70.0,164.0,84.0,214.0,80.0,8.0,1791.0,0.0,756.0,9.0,1648.0,7.0,146.0,76.0
AAA,2013J,2557283,M,Yorkshire Region,HE Qualification,80-90%,55<=,0,60,N,Pass,-80.0,NA,18.0,75.0,53.0,72.0,116.0,88.0,165.0,92.0,214.0,79.0,13.0,3163.0,3.0,1731.0,0.0,2158.0,39.0,137.0,18.0
AAA,2013J,2559575,M,South West Region,Lower Than A Level,30-40%,0-35,0,60,N,Pass,-31.0,NA,18.0,54.0,53.0,64.0,115.0,85.0,166.0,80.0,214.0,73.0,1.0,74.0,0.0,131.0,0.0,377.0,20.0,45.0,2.0
AAA,2013J,2562034,M,East Anglian Region,A Level or Equivalent,70-80%,0-35,0,60,N,Pass,-30.0,NA,19.0,70.0,62.0,62.0,117.0,60.0,166.0,65.0,223.0,70.0,0.0,0.0,0.0,47.0,0.0,138.0,10.0,47.0,6.0
AAA,2013J,2566163,F,South Region,A Level or Equivalent,80-90%,0-35,0,60,N,Pass,-91.0,NA,18.0,87.0,53.0,55.0,117.0,65.0,164.0,74.0,215.0,78.0,12.0,332.0,1.0,349.0,0.0,677.0,13.0,153.0,54.0
AAA,2013J,2566592,F,South Region,A Level or Equivalent,90-100%,35-55,0,60,N,Pass,-35.0,NA,17.0,86.0,54.0,57.0,115.0,60.0,165.0,70.0,214.0,86.0,1.0,161.0,1.0,195.0,0.0,917.0,12.0,53.0,19.0
AAA,2013J,2569324,M,South Region,A Level or Equivalent,90-100%,0-35,0,120,N,Withdrawn,-81.0,93.0,NA,NA,NA,NA,NA,NA,NA,NA,NA,NA,0.0,0.0,0.0,8.0,0.0,18.0,0.0,0.0,0.0
AAA,2013J,2574528,M,Ireland,HE Qualification,NA,35-55,0,60,N,Pass,-16.0,NA,19.0,63.0,54.0,72.0,112.0,78.0,176.0,82.0,215.0,82.0,0.0,181.0,0.0,193.0,0.0,466.0,11.0,98.0,39.0
AAA,2013J,2574583,M,Yorkshire Region,Lower Than A Level,70-80%,35-55,0,60,N,Pass,-63.0,NA,19.0,66.0,57.0,71.0,124.0,75.0,166.0,65.0,215.0,77.0,7.0,81.0,0.0,347.0,1.0,1369.0,10.0,65.0,10.0
AAA,2013J,2576122,M,North Western Region,A Level or Equivalent,70-80%,0-35,0,60,N,Withdrawn,-137.0,39.0,18.0,64.0,NA,NA,NA,NA,NA,NA,NA,NA,1.0,21.0,0.0,70.0,0.0,133.0,2.0,16.0,7.0
AAA,2013J,2578995,F,West Midlands Region,A Level or Equivalent,10-20,0-35,0,60,Y,Pass,-62.0,NA,15.0,75.0,54.0,84.0,117.0,81.0,169.0,78.0,215.0,80.0,10.0,169.0,0.0,364.0,0.0,625.0,14.0,100.0,44.0
AAA,2013J,2586560,F,East Anglian Region,Lower Than A Level,80-90%,35-55,0,60,N,Pass,-94.0,NA,18.0,75.0,53.0,65.0,115.0,84.0,175.0,77.0,212.0,67.0,8.0,1015.0,1.0,539.0,1.0,1094.0,17.0,139.0,91.0
AAA,2013J,2594139,F,South West Region,A Level or Equivalent,50-60%,0-35,0,60,N,Pass,-74.0,NA,20.0,87.0,64.0,73.0,134.0,79.0,188.0,79.0,215.0,62.0,5.0,252.0,0.0,324.0,3.0,1123.0,10.0,103.0,48.0
AAA,2013J,2598871,F,East Anglian Region,A Level or Equivalent,80-90%,35-55,0,60,N,Pass,-128.0,NA,17.0,66.0,52.0,66.0,116.0,78.0,164.0,73.0,212.0,80.0,12.0,257.0,0.0,498.0,1.0,1195.0,10.0,65.0,11.0
AAA,2013J,2599352,F,Scotland,A Level or Equivalent,30-40%,0-35,0,120,N,Pass,-106.0,NA,23.0,80.0,54.0,75.0,121.0,77.0,176.0,77.0,215.0,73.0,5.0,144.0,0.0,249.0,0.0,579.0,13.0,109.0,61.0
AAA,2013J,2600688,M,West Midlands Region,A Level or Equivalent,20-30%,0-35,0,60,N,Pass,-165.0,NA,19.0,64.0,57.0,72.0,115.0,72.0,164.0,77.0,215.0,65.0,0.0,75.0,0.0,115.0,0.0,321.0,7.0,51.0,13.0
AAA,2013J,2606098,F,East Midlands Region,A Level or Equivalent,90-100%,0-35,0,60,N,Pass,-102.0,NA,15.0,70.0,53.0,70.0,121.0,71.0,172.0,68.0,215.0,78.0,0.0,62.0,0.0,88.0,0.0,255.0,25.0,61.0,0.0
AAA,2013J,2613116,F,London Region,Lower Than A Level,10-20,35-55,0,60,N,Pass,-63.0,NA,18.0,68.0,52.0,70.0,116.0,85.0,164.0,84.0,214.0,84.0,0.0,61.0,0.0,166.0,0.0,832.0,7.0,83.0,32.0
AAA,2013J,2617002,F,Yorkshire Region,A Level or Equivalent,80-90%,0-35,0,60,N,Pass,-46.0,NA,26.0,67.0,60.0,53.0,117.0,67.0,166.0,66.0,215.0,71.0,3.0,96.0,0.0,201.0,1.0,1020.0,21.0,89.0,42.0
AAA,2013J,2620584,M,West Midlands Region,A Level or Equivalent,40-50%,0-35,0,60,Y,Fail,-109.0,NA,NA,NA,NA,NA,NA,NA,NA,NA,NA,NA,0.0,4.0,0.0,29.0,0.0,44.0,6.0,9.0,0.0
AAA,2013J,2639449,M,East Midlands Region,A Level or Equivalent,10-20,0-35,0,120,N,Pass,-127.0,NA,19.0,67.0,55.0,68.0,123.0,49.0,NA,NA,215.0,40.0,0.0,346.0,1.0,169.0,0.0,220.0,8.0,47.0,6.0
AAA,2013J,2639540,F,North Western Region,A Level or Equivalent,90-100%,35-55,0,60,N,Pass,-38.0,NA,26.0,76.0,54.0,78.0,117.0,80.0,171.0,82.0,215.0,81.0,3.0,737.0,0.0,427.0,2.0,487.0,130.0,115.0,63.0
AAA,2013J,2639641,M,South East Region,Lower Than A Level,30-40%,35-55,0,120,N,Pass,-48.0,NA,18.0,66.0,54.0,59.0,108.0,58.0,166.0,70.0,214.0,75.0,5.0,428.0,0.0,489.0,0.0,902.0,13.0,144.0,61.0
AAA,2013J,2641155,M,East Midlands Region,Lower Than A Level,50-60%,35-55,0,60,N,Pass,-71.0,NA,19.0,78.0,53.0,81.0,116.0,79.0,165.0,80.0,214.0,78.0,10.0,908.0,0.0,1140.0,1.0,1444.0,24.0,327.0,255.0
AAA,2013J,2643002,F,South West Region,A Level or Equivalent,80-90%,35-55,0,60,N,Pass,-52.0,NA,19.0,49.0,60.0,64.0,126.0,59.0,169.0,59.0,215.0,25.0,9.0,866.0,4.0,644.0,2.0,730.0,78.0,93.0,8.0
AAA,2013J,2645733,F,South West Region,A Level or Equivalent,40-50%,0-35,0,180,N,Pass,-100.0,NA,19.0,87.0,54.0,81.0,115.0,83.0,166.0,89.0,215.0,73.0,0.0,260.0,3.0,408.0,0.0,782.0,44.0,87.0,12.0
AAA,2013J,2649826,M,East Anglian Region,Lower Than A Level,60-70%,35-55,0,60,N,Distinction,-144.0,NA,14.0,75.0,48.0,82.0,107.0,85.0,160.0,87.0,208.0,88.0,15.0,2144.0,1.0,1260.0,0.0,2152.0,89.0,192.0,121.0
AAA,2013J,2650282,M,London Region,A Level or Equivalent,0-10%,35-55,0,60,N,Pass,-29.0,NA,19.0,83.0,55.0,84.0,117.0,85.0,166.0,85.0,238.0,84.0,22.0,25.0,0.0,130.0,0.0,308.0,21.0,94.0,41.0
AAA,2013J,2664024,M,South East Region,HE Qualification,90-100%,35-55,0,60,N,Pass,-31.0,NA,22.0,48.0,61.0,58.0,117.0,64.0,169.0,68.0,219.0,78.0,9.0,70.0,0.0,179.0,0.0,461.0,9.0,58.0,22.0
AAA,2013J,2666246,M,North Western Region,A Level or Equivalent,90-100%,0-35,0,60,N,Pass,-43.0,NA,19.0,76.0,53.0,76.0,116.0,74.0,166.0,76.0,214.0,78.0,10.0,27.0,0.0,112.0,0.0,316.0,32.0,105.0,10.0
AAA,2013J,2669816,M,Yorkshire Region,A Level or Equivalent,90-100%,0-35,0,60,N,Fail,-58.0,NA,17.0,67.0,53.0,68.0,115.0,66.0,172.0,50.0,215.0,35.0,0.0,27.0,0.0,75.0,0.0,100.0,5.0,62.0,11.0
AAA,2013J,2671132,M,London Region,HE Qualification,20-30%,55<=,0,60,N,Pass,-38.0,NA,18.0,59.0,54.0,69.0,116.0,78.0,165.0,69.0,207.0,69.0,12.0,110.0,1.0,523.0,0.0,2571.0,20.0,324.0,159.0
AAA,2013J,2676809,F,North Region,HE Qualification,10-20,0-35,0,150,N,Fail,-31.0,NA,17.0,46.0,95.0,36.0,117.0,48.0,NA,NA,NA,NA,0.0,87.0,0.0,74.0,0.0,61.0,14.0,64.0,9.0
AAA,2013J,2678643,F,South Region,A Level or Equivalent,80-90%,0-35,0,60,N,Pass,-25.0,NA,19.0,83.0,55.0,80.0,118.0,66.0,166.0,62.0,216.0,66.0,2.0,354.0,5.0,390.0,1.0,1191.0,44.0,192.0,108.0
AAA,2013J,2685865,F,East Midlands Region,Lower Than A Level,30-40%,0-35,0,60,N,Pass,-101.0,NA,19.0,74.0,54.0,77.0,117.0,83.0,171.0,82.0,215.0,77.0,17.0,508.0,0.0,799.0,0.0,1400.0,15.0,67.0,9.0
AAA,2013J,2688067,M,East Anglian Region,A Level or Equivalent,10-20,0-35,0,60,N,Pass,-31.0,NA,19.0,70.0,54.0,62.0,117.0,63.0,166.0,68.0,215.0,76.0,0.0,2.0,4.0,42.0,0.0,203.0,14.0,24.0,0.0
AAA,2013J,2689958,M,East Anglian Region,A Level or Equivalent,40-50%,35-55,0,60,N,Distinction,-71.0,NA,19.0,86.0,54.0,78.0,117.0,80.0,166.0,82.0,215.0,82.0,9.0,1807.0,1.0,777.0,0.0,818.0,43.0,301.0,173.0
AAA,2013J,2691206,F,West Midlands Region,A Level or Equivalent,50-60%,0-35,0,60,N,Distinction,-109.0,NA,19.0,86.0,54.0,85.0,117.0,78.0,172.0,90.0,215.0,85.0,7.0,190.0,75.0,536.0,1.0,1219.0,60.0,170.0,39.0
AAA,2013J,2691244,M,South Region,A Level or Equivalent,40-50%,35-55,0,180,N,Pass,-87.0,NA,NA,NA,61.0,57.0,114.0,60.0,170.0,54.0,213.0,62.0,0.0,59.0,2.0,171.0,0.0,152.0,35.0,51.0,2.0
AAA,2013J,2694424,M,East Anglian Region,A Level or Equivalent,70-80%,35-55,0,120,N,Pass,-170.0,NA,17.0,89.0,53.0,74.0,116.0,80.0,162.0,94.0,215.0,60.0,0.0,2495.0,0.0,1071.0,0.0,350.0,58.0,176.0,68.0
AAA,2013J,2698257,M,East Midlands Region,Lower Than A Level,60-70%,0-35,0,120,N,Pass,-58.0,NA,22.0,58.0,54.0,64.0,124.0,76.0,166.0,67.0,215.0,74.0,0.0,201.0,0.0,165.0,0.0,331.0,12.0,44.0,5.0
